Datetime,MarginalES
2018-01-01 14:00:00,2.3
2018-01-02 14:00:00,48.02
2018-01-03 14:00:00,52.0
2018-01-04 14:00:00,48.19
2018-01-05 14:00:00,52.02
2018-01-06 14:00:00,52.07
2018-01-07 14:00:00,54.07
2018-01-08 14:00:00,69.42
2018-01-09 14:00:00,57.55
2018-01-10 14:00:00,49.54
2018-01-11 14:00:00,54.83
2018-01-12 14:00:00,63.86
2018-01-13 14:00:00,59.07
2018-01-14 14:00:00,58.11
2018-01-15 14:00:00,60.9
2018-01-16 14:00:00,56.16
2018-01-17 14:00:00,54.97
2018-01-18 14:00:00,60.41
2018-01-19 14:00:00,55.4
2018-01-20 14:00:00,53.01
2018-01-21 14:00:00,47.93
2018-01-22 14:00:00,58.01
2018-01-23 14:00:00,60.02
2018-01-24 14:00:00,55.83
2018-01-25 14:00:00,56.92
2018-01-26 14:00:00,49.2
2018-01-27 14:00:00,51.09
2018-01-28 14:00:00,52.88
2018-01-29 14:00:00,55.39
2018-01-30 14:00:00,58.39
2018-01-31 14:00:00,59.0
2018-02-01 14:00:00,55.04
2018-02-02 14:00:00,52.04
2018-02-03 14:00:00,46.95
2018-02-04 14:00:00,58.19
2018-02-05 14:00:00,59.31
2018-02-06 14:00:00,54.1
2018-02-07 14:00:00,58.1
2018-02-08 14:00:00,64.63
2018-02-09 14:00:00,67.44
2018-02-10 14:00:00,48.0
2018-02-11 14:00:00,50.43
2018-02-12 14:00:00,60.07
2018-02-13 14:00:00,49.3
2018-02-14 14:00:00,47.48
2018-02-15 14:00:00,59.94
2018-02-16 14:00:00,60.69
2018-02-17 14:00:00,46.96
2018-02-18 14:00:00,56.01
2018-02-19 14:00:00,60.69
2018-02-20 14:00:00,51.67
2018-02-21 14:00:00,46.06
2018-02-22 14:00:00,53.9
2018-02-23 14:00:00,61.45
2018-02-24 14:00:00,61.05
2018-02-25 14:00:00,60.43
2018-02-26 14:00:00,61.97
2018-02-27 14:00:00,71.04
2018-02-28 14:00:00,61.48
2018-03-01 14:00:00,56.01
2018-03-02 14:00:00,61.68
2018-03-03 14:00:00,43.29
2018-03-04 14:00:00,49.29
2018-03-05 14:00:00,55.03
2018-03-06 14:00:00,50.07
2018-03-07 14:00:00,51.17
2018-03-08 14:00:00,50.0
2018-03-09 14:00:00,43.69
2018-03-10 14:00:00,35.64
2018-03-11 14:00:00,7.99
2018-03-12 14:00:00,41.5
2018-03-13 14:00:00,50.32
2018-03-14 14:00:00,39.69
2018-03-15 14:00:00,39.7
2018-03-16 14:00:00,50.18
2018-03-17 14:00:00,50.27
2018-03-18 14:00:00,39.05
2018-03-19 14:00:00,44.99
2018-03-20 14:00:00,36.1
2018-03-21 14:00:00,47.05
2018-03-22 14:00:00,57.32
2018-03-23 14:00:00,50.35
2018-03-24 14:00:00,20.39
2018-03-25 14:00:00,37.95
2018-03-26 14:00:00,52.52
2018-03-27 14:00:00,47.34
2018-03-28 14:00:00,48.99
2018-03-29 14:00:00,32.48
2018-03-30 14:00:00,5.48
2018-03-31 14:00:00,8.85
2018-04-01 14:00:00,22.14
2018-04-02 14:00:00,30.92
2018-04-03 14:00:00,35.02
2018-04-04 14:00:00,30.64
2018-04-05 14:00:00,47.52
2018-04-06 14:00:00,35.2
2018-04-07 14:00:00,45.68
2018-04-08 14:00:00,31.8
2018-04-09 14:00:00,53.07
2018-04-10 14:00:00,49.96
2018-04-11 14:00:00,43.95
2018-04-12 14:00:00,52.34
2018-04-13 14:00:00,61.61
2018-04-14 14:00:00,52.49
2018-04-15 14:00:00,39.0
2018-04-16 14:00:00,49.99
2018-04-17 14:00:00,54.0
2018-04-18 14:00:00,50.0
2018-04-19 14:00:00,45.49
2018-04-20 14:00:00,38.08
2018-04-21 14:00:00,40.43
2018-04-22 14:00:00,39.54
2018-04-23 14:00:00,52.5
2018-04-24 14:00:00,50.0
2018-04-25 14:00:00,52.01
2018-04-26 14:00:00,51.36
2018-04-27 14:00:00,51.73
2018-04-28 14:00:00,47.64
2018-04-29 14:00:00,12.84
2018-04-30 14:00:00,48.54
2018-05-01 14:00:00,45.13
2018-05-02 14:00:00,49.69
2018-05-03 14:00:00,45.71
2018-05-04 14:00:00,44.69
2018-05-05 14:00:00,49.69
2018-05-06 14:00:00,49.44
2018-05-07 14:00:00,57.09
2018-05-08 14:00:00,57.9
2018-05-09 14:00:00,58.0
2018-05-10 14:00:00,57.09
2018-05-11 14:00:00,58.01
2018-05-12 14:00:00,38.05
2018-05-13 14:00:00,34.61
2018-05-14 14:00:00,53.59
2018-05-15 14:00:00,53.87
2018-05-16 14:00:00,56.97
2018-05-17 14:00:00,58.37
2018-05-18 14:00:00,59.35
2018-05-19 14:00:00,61.3
2018-05-20 14:00:00,60.0
2018-05-21 14:00:00,64.39
2018-05-22 14:00:00,63.16
2018-05-23 14:00:00,65.88
2018-05-24 14:00:00,64.52
2018-05-25 14:00:00,65.0
2018-05-26 14:00:00,63.47
2018-05-27 14:00:00,64.45
2018-05-28 14:00:00,65.9
2018-05-29 14:00:00,66.13
2018-05-30 14:00:00,66.79
2018-05-31 14:00:00,64.67
2018-06-01 14:00:00,64.97
2018-06-02 14:00:00,64.97
2018-06-03 14:00:00,52.04
2018-06-04 14:00:00,61.29
2018-06-05 14:00:00,62.87
2018-06-06 14:00:00,65.0
2018-06-07 14:00:00,63.73
2018-06-08 14:00:00,63.5
2018-06-09 14:00:00,59.59
2018-06-10 14:00:00,60.6
2018-06-11 14:00:00,63.04
2018-06-12 14:00:00,59.0
2018-06-13 14:00:00,54.05
2018-06-14 14:00:00,59.29
2018-06-15 14:00:00,60.54
2018-06-16 14:00:00,55.0
2018-06-17 14:00:00,50.0
2018-06-18 14:00:00,57.47
2018-06-19 14:00:00,60.3
2018-06-20 14:00:00,62.16
2018-06-21 14:00:00,61.97
2018-06-22 14:00:00,61.5
2018-06-23 14:00:00,60.4
2018-06-24 14:00:00,60.1
2018-06-25 14:00:00,64.36
2018-06-26 14:00:00,64.1
2018-06-27 14:00:00,64.24
2018-06-28 14:00:00,63.5
2018-06-29 14:00:00,63.17
2018-06-30 14:00:00,57.89
2018-07-01 14:00:00,55.0
2018-07-02 14:00:00,64.97
2018-07-03 14:00:00,62.52
2018-07-04 14:00:00,62.5
2018-07-04 14:00:00,62.5
2018-07-05 14:00:00,62.01
2018-07-06 14:00:00,63.09
2018-07-07 14:00:00,61.21
2018-07-08 14:00:00,60.97
2018-07-09 14:00:00,64.95
2018-07-10 14:00:00,64.71
2018-07-11 14:00:00,65.73
2018-07-12 14:00:00,68.3
2018-07-13 14:00:00,66.69
2018-07-14 14:00:00,63.04
2018-07-15 14:00:00,63.0
2018-07-16 14:00:00,63.9
2018-07-17 14:00:00,66.94
2018-07-18 14:00:00,66.76
2018-07-19 14:00:00,66.69
2018-07-20 14:00:00,66.3
2018-07-21 14:00:00,64.21
2018-07-22 14:00:00,62.21
2018-07-23 14:00:00,66.9
2018-07-24 14:00:00,68.81
2018-07-25 14:00:00,68.02
2018-07-26 14:00:00,68.99
2018-07-27 14:00:00,67.61
2018-07-28 14:00:00,65.0
2018-07-29 14:00:00,61.0
2018-07-30 14:00:00,68.01
2018-07-31 14:00:00,68.19
2018-08-01 14:00:00,68.34
2018-08-02 14:00:00,68.89
2018-08-03 14:00:00,70.41
2018-08-04 14:00:00,69.61
2018-08-05 14:00:00,67.75
2018-08-06 14:00:00,70.69
2018-08-07 14:00:00,67.01
2018-08-08 14:00:00,68.01
2018-08-09 14:00:00,66.01
2018-08-10 14:00:00,69.21
2018-08-11 14:00:00,65.67
2018-08-12 14:00:00,62.0
2018-08-13 14:00:00,67.77
2018-08-14 14:00:00,64.8
2018-08-15 14:00:00,64.19
2018-08-16 14:00:00,66.51
2018-08-17 14:00:00,63.9
2018-08-18 14:00:00,62.14
2018-08-19 14:00:00,62.21
2018-08-20 14:00:00,68.55
2018-08-21 14:00:00,71.1
2018-08-22 14:00:00,71.16
2018-08-23 14:00:00,69.11
2018-08-24 14:00:00,67.53
2018-08-25 14:00:00,65.21
2018-08-26 14:00:00,66.8
2018-08-27 14:00:00,68.67
2018-08-28 14:00:00,67.47
2018-08-29 14:00:00,75.18
2018-08-30 14:00:00,74.96
2018-08-31 14:00:00,72.47
2018-09-01 14:00:00,66.86
2018-09-02 14:00:00,65.8
2018-09-03 14:00:00,74.17
2018-09-04 14:00:00,74.7
2018-09-05 14:00:00,77.1
2018-09-06 14:00:00,72.3
2018-09-07 14:00:00,70.97
2018-09-08 14:00:00,71.14
2018-09-09 14:00:00,71.79
2018-09-10 14:00:00,75.7
2018-09-11 14:00:00,73.93
2018-09-12 14:00:00,78.0
2018-09-13 14:00:00,76.26
2018-09-14 14:00:00,77.75
2018-09-15 14:00:00,72.3
2018-09-16 14:00:00,71.25
2018-09-17 14:00:00,72.25
2018-09-18 14:00:00,76.93
2018-09-19 14:00:00,75.99
2018-09-20 14:00:00,74.3
2018-09-21 14:00:00,75.7
2018-09-22 14:00:00,70.67
2018-09-23 14:00:00,71.5
2018-09-24 14:00:00,70.92
2018-09-25 14:00:00,73.01
2018-09-26 14:00:00,73.62
2018-09-27 14:00:00,75.1
2018-09-28 14:00:00,77.37
2018-09-29 14:00:00,74.14
2018-09-30 14:00:00,73.03
2018-10-01 14:00:00,66.23
2018-10-02 14:00:00,69.93
2018-10-03 14:00:00,75.85
2018-10-04 14:00:00,75.21
2018-10-05 14:00:00,74.9
2018-10-06 14:00:00,69.68
2018-10-07 14:00:00,50.9
2018-10-08 14:00:00,71.69
2018-10-09 14:00:00,71.0
2018-10-10 14:00:00,69.39
2018-10-11 14:00:00,66.83
2018-10-12 14:00:00,56.9
2018-10-13 14:00:00,58.35
2018-10-14 14:00:00,53.5
2018-10-15 14:00:00,70.0
2018-10-16 14:00:00,74.57
2018-10-17 14:00:00,74.51
2018-10-18 14:00:00,68.95
2018-10-19 14:00:00,63.5
2018-10-20 14:00:00,57.35
2018-10-21 14:00:00,65.92
2018-10-22 14:00:00,62.17
2018-10-23 14:00:00,64.96
2018-10-24 14:00:00,70.0
2018-10-25 14:00:00,74.05
2018-10-26 14:00:00,74.23
2018-10-27 14:00:00,65.61
2018-10-28 14:00:00,52.6
2018-10-29 14:00:00,63.97
2018-10-30 14:00:00,70.2
2018-10-31 14:00:00,72.1
2018-11-01 14:00:00,63.28
2018-11-02 14:00:00,67.2
2018-11-03 14:00:00,67.21
2018-11-04 14:00:00,56.42
2018-11-05 14:00:00,67.2
2018-11-06 14:00:00,62.41
2018-11-07 14:00:00,62.1
2018-11-08 14:00:00,63.93
2018-11-09 14:00:00,62.01
2018-11-10 14:00:00,56.96
2018-11-11 14:00:00,62.08
2018-11-12 14:00:00,67.39
2018-11-13 14:00:00,66.83
2018-11-14 14:00:00,64.18
2018-11-15 14:00:00,67.51
2018-11-16 14:00:00,67.0
2018-11-17 14:00:00,60.05
2018-11-18 14:00:00,59.41
2018-11-19 14:00:00,72.2
2018-11-20 14:00:00,65.0
2018-11-21 14:00:00,66.22
2018-11-22 14:00:00,68.4
2018-11-23 14:00:00,68.71
2018-11-24 14:00:00,64.8
2018-11-25 14:00:00,63.41
2018-11-26 14:00:00,58.33
2018-11-27 14:00:00,68.07
2018-11-28 14:00:00,65.5
2018-11-29 14:00:00,63.94
2018-11-30 14:00:00,66.19
2018-12-01 14:00:00,62.76
2018-12-02 14:00:00,63.17
2018-12-03 14:00:00,67.1
2018-12-04 14:00:00,67.51
2018-12-05 14:00:00,66.1
2018-12-06 14:00:00,65.23
2018-12-07 14:00:00,63.0
2018-12-08 14:00:00,64.33
2018-12-09 14:00:00,64.05
2018-12-10 14:00:00,64.65
2018-12-11 14:00:00,65.06
2018-12-12 14:00:00,68.75
2018-12-13 14:00:00,66.06
2018-12-14 14:00:00,64.45
2018-12-15 14:00:00,63.1
2018-12-16 14:00:00,57.21
2018-12-17 14:00:00,69.54
2018-12-18 14:00:00,66.05
2018-12-19 14:00:00,64.1
2018-12-20 14:00:00,65.25
2018-12-21 14:00:00,63.2
2018-12-22 14:00:00,65.0
2018-12-23 14:00:00,66.01
2018-12-24 14:00:00,66.64
2018-12-25 14:00:00,66.58
2018-12-26 14:00:00,67.2
2018-12-27 14:00:00,68.12
2018-12-28 14:00:00,64.64
2018-12-29 14:00:00,57.39
2018-12-30 14:00:00,63.91
2018-12-31 14:00:00,65.22
2019-01-01 14:00:00,65.88
2019-01-02 14:00:00,63.16
2019-01-03 14:00:00,66.7
2019-01-04 14:00:00,69.17
2019-01-05 14:00:00,64.0
2019-01-06 14:00:00,64.86
2019-01-07 14:00:00,68.74
2019-01-08 14:00:00,67.97
2019-01-09 14:00:00,64.25
2019-01-10 14:00:00,66.01
2019-01-11 14:00:00,67.2
2019-01-12 14:00:00,66.12
2019-01-13 14:00:00,66.0
2019-01-14 14:00:00,66.42
2019-01-15 14:00:00,69.43
2019-01-16 14:00:00,70.0
2019-01-17 14:00:00,67.01
2019-01-18 14:00:00,68.6
2019-01-19 14:00:00,64.2
2019-01-20 14:00:00,62.41
2019-01-21 14:00:00,69.0
2019-01-22 14:00:00,68.4
2019-01-23 14:00:00,65.04
2019-01-24 14:00:00,64.23
2019-01-25 14:00:00,66.54
2019-01-26 14:00:00,66.03
2019-01-27 14:00:00,43.24
2019-01-28 14:00:00,54.95
2019-01-29 14:00:00,62.65
2019-01-30 14:00:00,63.65
2019-01-31 14:00:00,60.1
2019-02-01 14:00:00,55.84
2019-02-02 14:00:00,39.07
2019-02-03 14:00:00,47.09
2019-02-04 14:00:00,63.53
2019-02-05 14:00:00,58.18
2019-02-06 14:00:00,61.98
2019-02-07 14:00:00,62.01
2019-02-08 14:00:00,52.73
2019-02-09 14:00:00,58.77
2019-02-10 14:00:00,36.1
2019-02-11 14:00:00,58.84
2019-02-12 14:00:00,60.61
2019-02-13 14:00:00,60.02
2019-02-14 14:00:00,53.81
2019-02-15 14:00:00,57.02
2019-02-16 14:00:00,50.0
2019-02-17 14:00:00,48.39
2019-02-18 14:00:00,59.93
2019-02-19 14:00:00,59.5
2019-02-20 14:00:00,56.47
2019-02-21 14:00:00,51.15
2019-02-22 14:00:00,52.05
2019-02-23 14:00:00,52.99
2019-02-24 14:00:00,50.9
2019-02-25 14:00:00,56.94
2019-02-26 14:00:00,50.9
2019-02-27 14:00:00,55.3
2019-02-28 14:00:00,54.61
2019-03-01 14:00:00,55.53
2019-03-02 14:00:00,45.06
2019-03-03 14:00:00,35.0
2019-03-04 14:00:00,49.49
2019-03-05 14:00:00,54.37
2019-03-06 14:00:00,35.0
2019-03-07 14:00:00,52.52
2019-03-08 14:00:00,56.91
2019-03-09 14:00:00,54.03
2019-03-10 14:00:00,49.59
2019-03-11 14:00:00,55.51
2019-03-12 14:00:00,49.56
2019-03-13 14:00:00,45.87
2019-03-14 14:00:00,52.63
2019-03-15 14:00:00,54.51
2019-03-16 14:00:00,50.0
2019-03-17 14:00:00,30.0
2019-03-18 14:00:00,51.94
2019-03-19 14:00:00,51.53
2019-03-20 14:00:00,51.64
2019-03-21 14:00:00,54.66
2019-03-22 14:00:00,55.8
2019-03-23 14:00:00,50.0
2019-03-24 14:00:00,46.9
2019-03-25 14:00:00,47.74
2019-03-26 14:00:00,43.69
2019-03-27 14:00:00,50.55
2019-03-28 14:00:00,53.01
2019-03-29 14:00:00,53.52
2019-03-30 14:00:00,52.01
2019-03-31 14:00:00,54.02
2019-04-01 14:00:00,59.45
2019-04-02 14:00:00,59.17
2019-04-03 14:00:00,53.0
2019-04-04 14:00:00,54.52
2019-04-05 14:00:00,55.13
2019-04-06 14:00:00,44.0
2019-04-07 14:00:00,52.35
2019-04-08 14:00:00,56.0
2019-04-09 14:00:00,51.14
2019-04-10 14:00:00,54.5
2019-04-11 14:00:00,56.09
2019-04-12 14:00:00,58.58
2019-04-13 14:00:00,57.84
2019-04-14 14:00:00,55.0
2019-04-15 14:00:00,53.07
2019-04-16 14:00:00,59.07
2019-04-17 14:00:00,40.6
2019-04-18 14:00:00,57.04
2019-04-19 14:00:00,34.5
2019-04-20 14:00:00,31.57
2019-04-21 14:00:00,40.51
2019-04-22 14:00:00,57.75
2019-04-23 14:00:00,54.75
2019-04-24 14:00:00,39.5
2019-04-25 14:00:00,32.0
2019-04-26 14:00:00,54.85
2019-04-27 14:00:00,55.5
2019-04-28 14:00:00,53.5
2019-04-29 14:00:00,59.23
2019-04-30 14:00:00,59.12
2019-05-01 14:00:00,52.0
2019-05-02 14:00:00,49.42
2019-05-03 14:00:00,50.61
2019-05-04 14:00:00,50.69
2019-05-05 14:00:00,30.57
2019-05-06 14:00:00,56.1
2019-05-07 14:00:00,50.15
2019-05-08 14:00:00,38.19
2019-05-09 14:00:00,51.95
2019-05-10 14:00:00,49.02
2019-05-11 14:00:00,52.66
2019-05-12 14:00:00,39.1
2019-05-13 14:00:00,51.01
2019-05-14 14:00:00,56.46
2019-05-15 14:00:00,55.04
2019-05-16 14:00:00,54.58
2019-05-17 14:00:00,42.0
2019-05-18 14:00:00,46.0
2019-05-19 14:00:00,46.04
2019-05-20 14:00:00,55.37
2019-05-21 14:00:00,57.61
2019-05-22 14:00:00,58.55
2019-05-23 14:00:00,59.6
2019-05-24 14:00:00,50.48
2019-05-25 14:00:00,47.58
2019-05-26 14:00:00,40.0
2019-05-27 14:00:00,54.5
2019-05-28 14:00:00,51.51
2019-05-29 14:00:00,50.1
2019-05-30 14:00:00,56.02
2019-05-31 14:00:00,57.88
2019-06-01 14:00:00,56.0
2019-06-02 14:00:00,48.07
2019-06-03 14:00:00,58.5
2019-06-04 14:00:00,49.06
2019-06-05 14:00:00,42.09
2019-06-06 14:00:00,41.81
2019-06-07 14:00:00,43.99
2019-06-08 14:00:00,49.01
2019-06-09 14:00:00,50.48
2019-06-10 14:00:00,50.64
2019-06-11 14:00:00,45.72
2019-06-12 14:00:00,51.22
2019-06-13 14:00:00,49.11
2019-06-14 14:00:00,49.85
2019-06-15 14:00:00,49.45
2019-06-16 14:00:00,48.6
2019-06-17 14:00:00,50.95
2019-06-18 14:00:00,45.58
2019-06-19 14:00:00,51.0
2019-06-20 14:00:00,50.33
2019-06-21 14:00:00,49.81
2019-06-22 14:00:00,46.83
2019-06-23 14:00:00,43.14
2019-06-24 14:00:00,49.0
2019-06-25 14:00:00,51.02
2019-06-26 14:00:00,48.42
2019-06-27 14:00:00,50.5
2019-06-28 14:00:00,53.69
2019-06-29 14:00:00,51.2
2019-06-30 14:00:00,48.58
2019-07-01 14:00:00,53.19
2019-07-02 14:00:00,53.77
2019-07-03 14:00:00,53.99
2019-07-04 14:00:00,55.05
2019-07-05 14:00:00,57.9
2019-07-06 14:00:00,53.01
2019-07-07 14:00:00,54.52
2019-07-08 14:00:00,57.69
2019-07-09 14:00:00,55.62
2019-07-10 14:00:00,56.57
2019-07-11 14:00:00,57.08
2019-07-12 14:00:00,60.1
2019-07-13 14:00:00,55.01
2019-07-14 14:00:00,50.3
2019-07-15 14:00:00,57.31
2019-07-16 14:00:00,57.25
2019-07-17 14:00:00,57.31
2019-07-18 14:00:00,58.39
2019-07-19 14:00:00,57.05
2019-07-20 14:00:00,56.94
2019-07-21 14:00:00,54.31
2019-07-22 14:00:00,57.05
2019-07-23 14:00:00,55.4
2019-07-24 14:00:00,57.24
2019-07-25 14:00:00,57.08
2019-07-26 14:00:00,56.99
2019-07-27 14:00:00,49.48
2019-07-28 14:00:00,48.07
2019-07-29 14:00:00,55.0
2019-07-30 14:00:00,55.2
2019-07-31 14:00:00,52.19
2019-08-01 14:00:00,51.18
2019-08-02 14:00:00,51.7
2019-08-03 14:00:00,50.89
2019-08-04 14:00:00,49.47
2019-08-05 14:00:00,52.79
2019-08-06 14:00:00,52.03
2019-08-07 14:00:00,52.81
2019-08-08 14:00:00,50.47
2019-08-09 14:00:00,45.46
2019-08-10 14:00:00,48.05
2019-08-11 14:00:00,45.0
2019-08-12 14:00:00,48.5
2019-08-13 14:00:00,48.5
2019-08-14 14:00:00,48.0
2019-08-15 14:00:00,42.37
2019-08-16 14:00:00,47.5
2019-08-17 14:00:00,44.01
2019-08-18 14:00:00,41.89
2019-08-19 14:00:00,48.37
2019-08-20 14:00:00,46.25
2019-08-21 14:00:00,47.27
2019-08-22 14:00:00,46.04
2019-08-23 14:00:00,43.6
2019-08-24 14:00:00,43.3
2019-08-25 14:00:00,40.22
2019-08-26 14:00:00,43.45
2019-08-27 14:00:00,50.2
2019-08-28 14:00:00,51.49
2019-08-29 14:00:00,50.49
2019-08-30 14:00:00,50.05
2019-08-31 14:00:00,43.07
2019-09-01 14:00:00,42.59
2019-09-02 14:00:00,41.16
2019-09-03 14:00:00,49.0
2019-09-04 14:00:00,46.69
2019-09-05 14:00:00,41.21
2019-09-06 14:00:00,41.4
2019-09-07 14:00:00,35.05
2019-09-08 14:00:00,36.64
2019-09-09 14:00:00,45.23
2019-09-10 14:00:00,32.88
2019-09-11 14:00:00,34.2
2019-09-12 14:00:00,41.51
2019-09-13 14:00:00,41.01
2019-09-14 14:00:00,39.9
2019-09-15 14:00:00,39.77
2019-09-16 14:00:00,50.32
2019-09-17 14:00:00,50.11
2019-09-18 14:00:00,50.8
2019-09-19 14:00:00,51.0
2019-09-20 14:00:00,48.69
2019-09-21 14:00:00,39.0
2019-09-22 14:00:00,35.55
2019-09-23 14:00:00,45.77
2019-09-24 14:00:00,42.23
2019-09-25 14:00:00,46.83
2019-09-26 14:00:00,48.51
2019-09-27 14:00:00,48.94
2019-09-28 14:00:00,46.79
2019-09-29 14:00:00,42.08
2019-09-30 14:00:00,50.29
2019-10-01 14:00:00,46.89
2019-10-02 14:00:00,42.12
2019-10-03 14:00:00,45.25
2019-10-04 14:00:00,54.12
2019-10-05 14:00:00,49.0
2019-10-06 14:00:00,47.21
2019-10-07 14:00:00,48.8
2019-10-08 14:00:00,54.48
2019-10-09 14:00:00,52.1
2019-10-10 14:00:00,47.68
2019-10-11 14:00:00,47.0
2019-10-12 14:00:00,37.1
2019-10-13 14:00:00,35.25
2019-10-14 14:00:00,43.0
2019-10-15 14:00:00,45.27
2019-10-16 14:00:00,39.0
2019-10-17 14:00:00,46.48
2019-10-18 14:00:00,50.8
2019-10-19 14:00:00,42.96
2019-10-20 14:00:00,45.51
2019-10-21 14:00:00,53.99
2019-10-22 14:00:00,46.25
2019-10-23 14:00:00,46.35
2019-10-24 14:00:00,42.5
2019-10-25 14:00:00,46.5
2019-10-26 14:00:00,43.76
2019-10-27 14:00:00,43.21
2019-10-28 14:00:00,53.19
2019-10-29 14:00:00,53.31
2019-10-30 14:00:00,53.0
2019-10-31 14:00:00,49.0
2019-11-01 14:00:00,33.43
2019-11-02 14:00:00,27.9
2019-11-03 14:00:00,19.2
2019-11-04 14:00:00,33.32
2019-11-05 14:00:00,30.01
2019-11-06 14:00:00,40.38
2019-11-07 14:00:00,37.86
2019-11-08 14:00:00,34.33
2019-11-09 14:00:00,40.01
2019-11-10 14:00:00,34.31
2019-11-11 14:00:00,45.56
2019-11-12 14:00:00,47.24
2019-11-13 14:00:00,50.61
2019-11-14 14:00:00,42.96
2019-11-15 14:00:00,48.79
2019-11-16 14:00:00,47.65
2019-11-17 14:00:00,42.32
2019-11-18 14:00:00,50.77
2019-11-19 14:00:00,61.55
2019-11-20 14:00:00,61.42
2019-11-21 14:00:00,59.82
2019-11-22 14:00:00,49.49
2019-11-23 14:00:00,35.61
2019-11-24 14:00:00,42.01
2019-11-25 14:00:00,50.52
2019-11-26 14:00:00,47.5
2019-11-27 14:00:00,43.87
2019-11-28 14:00:00,44.21
2019-11-29 14:00:00,49.92
2019-11-30 14:00:00,40.77
2019-12-01 14:00:00,45.76
2019-12-02 14:00:00,45.95
2019-12-03 14:00:00,52.1
2019-12-04 14:00:00,56.01
2019-12-05 14:00:00,47.28
2019-12-06 14:00:00,48.31
2019-12-07 14:00:00,48.23
2019-12-08 14:00:00,42.01
2019-12-09 14:00:00,43.07
2019-12-10 14:00:00,46.99
2019-12-11 14:00:00,43.01
2019-12-12 14:00:00,40.75
2019-12-13 14:00:00,31.84
2019-12-14 14:00:00,27.0
2019-12-15 14:00:00,30.0
2019-12-16 14:00:00,43.59
2019-12-17 14:00:00,46.6
2019-12-18 14:00:00,40.1
2019-12-19 14:00:00,28.8
2019-12-20 14:00:00,23.01
2019-12-21 14:00:00,2.3
2019-12-22 14:00:00,2.3
2019-12-23 14:00:00,31.53
2019-12-24 14:00:00,27.55
2019-12-25 14:00:00,12.03
2019-12-26 14:00:00,29.92
2019-12-27 14:00:00,37.52
2019-12-28 14:00:00,32.27
2019-12-29 14:00:00,30.61
2019-12-30 14:00:00,38.38
2019-12-31 14:00:00,37.9
2020-01-01 14:00:00,30.04
2020-01-02 14:00:00,44.9
2020-01-03 14:00:00,44.44
2020-01-04 14:00:00,32.07
2020-01-05 14:00:00,35.37
2020-01-06 14:00:00,40.51
2020-01-07 14:00:00,50.31
2020-01-08 14:00:00,49.17
2020-01-09 14:00:00,44.9
2020-01-10 14:00:00,38.01
2020-01-11 14:00:00,38.97
2020-01-12 14:00:00,38.43
2020-01-13 14:00:00,47.01
2020-01-14 14:00:00,41.25
2020-01-15 14:00:00,43.01
2020-01-16 14:00:00,40.08
2020-01-17 14:00:00,39.98
2020-01-18 14:00:00,37.86
2020-01-19 14:00:00,29.4
2020-01-20 14:00:00,39.98
2020-01-21 14:00:00,42.45
2020-01-22 14:00:00,49.97
2020-01-23 14:00:00,53.68
2020-01-24 14:00:00,53.29
2020-01-25 14:00:00,49.87
2020-01-26 14:00:00,38.23
2020-01-27 14:00:00,41.91
2020-01-28 14:00:00,40.01
2020-01-29 14:00:00,41.94
2020-01-30 14:00:00,40.08
2020-01-31 14:00:00,39.91
2020-02-01 14:00:00,29.1
2020-02-02 14:00:00,27.51
2020-02-03 14:00:00,42.47
2020-02-04 14:00:00,38.0
2020-02-05 14:00:00,36.39
2020-02-06 14:00:00,38.01
2020-02-07 14:00:00,38.88
2020-02-08 14:00:00,40.38
2020-02-09 14:00:00,29.5
2020-02-10 14:00:00,30.0
2020-02-11 14:00:00,41.69
2020-02-12 14:00:00,45.45
2020-02-13 14:00:00,38.39
2020-02-14 14:00:00,40.13
2020-02-15 14:00:00,30.61
2020-02-16 14:00:00,16.51
2020-02-17 14:00:00,36.91
2020-02-18 14:00:00,41.17
2020-02-19 14:00:00,42.69
2020-02-20 14:00:00,42.36
2020-02-21 14:00:00,39.25
2020-02-22 14:00:00,37.85
2020-02-23 14:00:00,32.05
2020-02-24 14:00:00,39.63
2020-02-25 14:00:00,33.13
2020-02-26 14:00:00,30.45
2020-02-27 14:00:00,25.58
2020-02-28 14:00:00,35.01
2020-02-29 14:00:00,15.99
2020-03-01 14:00:00,11.0
2020-03-02 14:00:00,21.26
2020-03-03 14:00:00,24.13
2020-03-04 14:00:00,34.05
2020-03-05 14:00:00,24.3
2020-03-06 14:00:00,16.3
2020-03-07 14:00:00,25.06
2020-03-08 14:00:00,24.0
2020-03-09 14:00:00,35.04
2020-03-10 14:00:00,36.84
2020-03-11 14:00:00,36.84
2020-03-12 14:00:00,39.01
2020-03-13 14:00:00,37.58
2020-03-14 14:00:00,34.83
2020-03-15 14:00:00,23.0
2020-03-16 14:00:00,25.0
2020-03-17 14:00:00,25.0
2020-03-18 14:00:00,31.48
2020-03-19 14:00:00,29.79
2020-03-20 14:00:00,30.79
2020-03-21 14:00:00,28.0
2020-03-22 14:00:00,28.7
2020-03-23 14:00:00,31.59
2020-03-24 14:00:00,31.05
2020-03-25 14:00:00,32.47
2020-03-26 14:00:00,19.5
2020-03-27 14:00:00,27.75
2020-03-28 14:00:00,29.95
2020-03-29 14:00:00,24.0
2020-03-30 14:00:00,19.12
2020-03-31 14:00:00,25.99
2020-04-01 14:00:00,28.0
2020-04-02 14:00:00,25.0
2020-04-03 14:00:00,25.5
2020-04-04 14:00:00,10.82
2020-04-05 14:00:00,5.5
2020-04-06 14:00:00,28.7
2020-04-07 14:00:00,20.3
2020-04-08 14:00:00,23.0
2020-04-09 14:00:00,24.8
2020-04-10 14:00:00,24.0
2020-04-11 14:00:00,26.0
2020-04-12 14:00:00,16.8
2020-04-13 14:00:00,26.29
2020-04-14 14:00:00,25.25
2020-04-15 14:00:00,15.67
2020-04-16 14:00:00,12.0
2020-04-17 14:00:00,15.61
2020-04-18 14:00:00,23.46
2020-04-19 14:00:00,15.01
2020-04-20 14:00:00,13.51
2020-04-21 14:00:00,9.99
2020-04-22 14:00:00,8.4
2020-04-23 14:00:00,16.63
2020-04-24 14:00:00,15.0
2020-04-25 14:00:00,21.33
2020-04-26 14:00:00,16.23
2020-04-27 14:00:00,20.39
2020-04-28 14:00:00,21.87
2020-04-29 14:00:00,10.22
2020-04-30 14:00:00,8.46
2020-05-01 14:00:00,2.01
2020-05-02 14:00:00,7.35
2020-05-03 14:00:00,12.0
2020-05-04 14:00:00,16.37
2020-05-05 14:00:00,19.3
2020-05-06 14:00:00,22.01
2020-05-07 14:00:00,21.51
2020-05-08 14:00:00,20.84
2020-05-09 14:00:00,16.93
2020-05-10 14:00:00,11.85
2020-05-11 14:00:00,16.5
2020-05-12 14:00:00,25.25
2020-05-13 14:00:00,26.97
2020-05-14 14:00:00,24.9
2020-05-15 14:00:00,23.03
2020-05-16 14:00:00,13.38
2020-05-17 14:00:00,15.0
2020-05-18 14:00:00,26.03
2020-05-19 14:00:00,26.99
2020-05-20 14:00:00,27.94
2020-05-21 14:00:00,28.71
2020-05-22 14:00:00,30.19
2020-05-23 14:00:00,19.6
2020-05-24 14:00:00,11.0
2020-05-25 14:00:00,26.76
2020-05-26 14:00:00,25.5
2020-05-27 14:00:00,26.95
2020-05-28 14:00:00,29.6
2020-05-29 14:00:00,34.26
2020-05-30 14:00:00,29.9
2020-05-31 14:00:00,32.9
2020-06-01 14:00:00,34.45
2020-06-02 14:00:00,36.17
2020-06-03 14:00:00,34.9
2020-06-04 14:00:00,28.1
2020-06-05 14:00:00,29.34
2020-06-06 14:00:00,27.0
2020-06-07 14:00:00,17.48
2020-06-08 14:00:00,28.78
2020-06-09 14:00:00,31.09
2020-06-10 14:00:00,34.14
2020-06-11 14:00:00,20.9
2020-06-12 14:00:00,19.0
2020-06-13 14:00:00,18.5
2020-06-14 14:00:00,23.46
2020-06-15 14:00:00,33.15
2020-06-16 14:00:00,33.8
2020-06-17 14:00:00,36.01
2020-06-18 14:00:00,35.64
2020-06-19 14:00:00,35.8
2020-06-20 14:00:00,31.78
2020-06-21 14:00:00,25.6
2020-06-22 14:00:00,29.09
2020-06-23 14:00:00,35.83
2020-06-24 14:00:00,37.44
2020-06-25 14:00:00,39.98
2020-06-26 14:00:00,36.1
2020-06-27 14:00:00,29.13
2020-06-28 14:00:00,28.88
2020-06-29 14:00:00,39.84
2020-06-30 14:00:00,39.19
2020-07-01 14:00:00,39.41
2020-07-02 14:00:00,40.01
2020-07-03 14:00:00,37.87
2020-07-04 14:00:00,30.5
2020-07-05 14:00:00,26.8
2020-07-06 14:00:00,32.5
2020-07-07 14:00:00,39.08
2020-07-08 14:00:00,40.6
2020-07-09 14:00:00,42.53
2020-07-10 14:00:00,40.5
2020-07-11 14:00:00,26.3
2020-07-12 14:00:00,27.9
2020-07-13 14:00:00,35.0
2020-07-14 14:00:00,37.5
2020-07-15 14:00:00,34.99
2020-07-16 14:00:00,39.93
2020-07-17 14:00:00,36.05
2020-07-18 14:00:00,33.0
2020-07-19 14:00:00,27.2
2020-07-20 14:00:00,38.55
2020-07-21 14:00:00,38.47
2020-07-22 14:00:00,41.2
2020-07-23 14:00:00,43.4
2020-07-24 14:00:00,41.59
2020-07-25 14:00:00,37.49
2020-07-26 14:00:00,28.0
2020-07-27 14:00:00,40.0
2020-07-28 14:00:00,40.0
2020-07-29 14:00:00,41.17
2020-07-30 14:00:00,42.0
2020-07-31 14:00:00,46.14
2020-08-01 14:00:00,36.6
2020-08-02 14:00:00,27.4
2020-08-03 14:00:00,39.9
2020-08-04 14:00:00,36.88
2020-08-05 14:00:00,39.76
2020-08-06 14:00:00,39.27
2020-08-07 14:00:00,40.9
2020-08-08 14:00:00,32.65
2020-08-09 14:00:00,29.78
2020-08-10 14:00:00,41.46
2020-08-11 14:00:00,41.52
2020-08-12 14:00:00,41.51
2020-08-13 14:00:00,41.74
2020-08-14 14:00:00,39.17
2020-08-15 14:00:00,28.0
2020-08-16 14:00:00,22.64
2020-08-17 14:00:00,38.67
2020-08-18 14:00:00,39.59
2020-08-19 14:00:00,33.68
2020-08-20 14:00:00,34.62
2020-08-21 14:00:00,32.61
2020-08-22 14:00:00,38.29
2020-08-23 14:00:00,28.1
2020-08-24 14:00:00,42.26
2020-08-25 14:00:00,38.8
2020-08-26 14:00:00,42.31
2020-08-27 14:00:00,49.46
2020-08-28 14:00:00,44.33
2020-08-29 14:00:00,29.0
2020-08-30 14:00:00,30.4
2020-08-31 14:00:00,45.18
2020-09-01 14:00:00,49.77
2020-09-02 14:00:00,44.11
2020-09-03 14:00:00,44.35
2020-09-04 14:00:00,46.24
2020-09-05 14:00:00,34.89
2020-09-06 14:00:00,30.7
2020-09-07 14:00:00,43.98
2020-09-08 14:00:00,44.3
2020-09-09 14:00:00,50.07
2020-09-10 14:00:00,47.98
2020-09-11 14:00:00,49.17
2020-09-12 14:00:00,37.72
2020-09-13 14:00:00,32.26
2020-09-14 14:00:00,43.66
2020-09-15 14:00:00,50.99
2020-09-16 14:00:00,54.92
2020-09-17 14:00:00,49.87
2020-09-18 14:00:00,44.07
2020-09-19 14:00:00,36.97
2020-09-20 14:00:00,38.14
2020-09-21 14:00:00,51.62
2020-09-22 14:00:00,51.74
2020-09-23 14:00:00,48.53
2020-09-24 14:00:00,40.12
2020-09-25 14:00:00,20.7
2020-09-26 14:00:00,29.1
2020-09-27 14:00:00,24.25
2020-09-28 14:00:00,42.31
2020-09-29 14:00:00,50.55
2020-09-30 14:00:00,47.4
2020-10-01 14:00:00,44.36
2020-10-02 14:00:00,28.6
2020-10-03 14:00:00,16.25
2020-10-04 14:00:00,8.0
2020-10-05 14:00:00,36.32
2020-10-06 14:00:00,36.08
2020-10-07 14:00:00,38.4
2020-10-08 14:00:00,41.17
2020-10-09 14:00:00,43.77
2020-10-10 14:00:00,29.49
2020-10-11 14:00:00,25.0
2020-10-12 14:00:00,41.51
2020-10-13 14:00:00,41.31
2020-10-14 14:00:00,34.44
2020-10-15 14:00:00,40.65
2020-10-16 14:00:00,44.47
2020-10-17 14:00:00,38.8
2020-10-18 14:00:00,36.1
2020-10-19 14:00:00,29.4
2020-10-20 14:00:00,42.39
2020-10-21 14:00:00,32.45
2020-10-22 14:00:00,47.5
2020-10-23 14:00:00,46.32
2020-10-24 14:00:00,27.88
2020-10-25 14:00:00,16.15
2020-10-26 14:00:00,29.33
2020-10-27 14:00:00,36.27
2020-10-28 14:00:00,44.56
2020-10-29 14:00:00,44.82
2020-10-30 14:00:00,36.76
2020-10-31 14:00:00,34.0
2020-11-01 14:00:00,22.17
2020-11-02 14:00:00,44.25
2020-11-03 14:00:00,41.86
2020-11-04 14:00:00,43.95
2020-11-05 14:00:00,34.05
2020-11-06 14:00:00,38.27
2020-11-07 14:00:00,32.1
2020-11-08 14:00:00,33.31
2020-11-09 14:00:00,46.42
2020-11-10 14:00:00,50.0
2020-11-11 14:00:00,41.7
2020-11-12 14:00:00,45.05
2020-11-13 14:00:00,47.14
2020-11-14 14:00:00,41.3
2020-11-15 14:00:00,20.0
2020-11-16 14:00:00,45.19
2020-11-17 14:00:00,42.95
2020-11-18 14:00:00,41.8
2020-11-19 14:00:00,35.97
2020-11-20 14:00:00,43.49
2020-11-21 14:00:00,43.02
2020-11-22 14:00:00,41.05
2020-11-23 14:00:00,48.05
2020-11-24 14:00:00,45.91
2020-11-25 14:00:00,50.48
2020-11-26 14:00:00,52.95
2020-11-27 14:00:00,55.7
2020-11-28 14:00:00,48.34
2020-11-29 14:00:00,44.71
2020-11-30 14:00:00,55.06
2020-12-01 14:00:00,54.22
2020-12-02 14:00:00,47.12
2020-12-03 14:00:00,53.01
2020-12-04 14:00:00,49.17
2020-12-05 14:00:00,44.75
2020-12-06 14:00:00,38.05
2020-12-07 14:00:00,40.95
2020-12-08 14:00:00,33.18
2020-12-09 14:00:00,49.07
2020-12-10 14:00:00,46.51
2020-12-11 14:00:00,42.51
2020-12-12 14:00:00,39.15
2020-12-13 14:00:00,46.45
2020-12-14 14:00:00,52.86
2020-12-15 14:00:00,50.36
2020-12-16 14:00:00,54.48
2020-12-17 14:00:00,60.0
2020-12-18 14:00:00,53.7
2020-12-19 14:00:00,48.29
2020-12-20 14:00:00,45.1
2020-12-21 14:00:00,52.26
2020-12-22 14:00:00,46.27
2020-12-23 14:00:00,50.95
2020-12-24 14:00:00,42.01
2020-12-25 14:00:00,7.99
2020-12-26 14:00:00,32.39
2020-12-27 14:00:00,24.46
2020-12-28 14:00:00,14.07
2020-12-29 14:00:00,39.05
2020-12-30 14:00:00,52.01
2020-12-31 14:00:00,52.36
2021-01-01 14:00:00,37.55
2021-01-02 14:00:00,50.57
2021-01-03 14:00:00,46.64
2021-01-04 14:00:00,63.94
2021-01-05 14:00:00,72.52
2021-01-06 14:00:00,73.79
2021-01-07 14:00:00,100.0
2021-01-08 14:00:00,110.0
2021-01-09 14:00:00,75.03
2021-01-10 14:00:00,56.41
2021-01-11 14:00:00,80.98
2021-01-12 14:00:00,94.05
2021-01-13 14:00:00,97.12
2021-01-14 14:00:00,88.31
2021-01-15 14:00:00,76.64
2021-01-16 14:00:00,66.69
2021-01-17 14:00:00,61.75
2021-01-18 14:00:00,76.59
2021-01-19 14:00:00,80.0
2021-01-20 14:00:00,51.6
2021-01-21 14:00:00,49.72
2021-01-22 14:00:00,42.6
2021-01-23 14:00:00,29.05
2021-01-24 14:00:00,29.6
2021-01-25 14:00:00,67.0
2021-01-26 14:00:00,68.74
2021-01-27 14:00:00,64.28
2021-01-28 14:00:00,59.31
2021-01-29 14:00:00,49.01
2021-01-30 14:00:00,1.95
2021-01-31 14:00:00,1.95
2021-02-01 14:00:00,3.5
2021-02-02 14:00:00,35.1
2021-02-03 14:00:00,46.05
2021-02-04 14:00:00,55.69
2021-02-05 14:00:00,54.51
2021-02-06 14:00:00,39.77
2021-02-07 14:00:00,15.09
2021-02-08 14:00:00,3.5
2021-02-09 14:00:00,8.34
2021-02-10 14:00:00,20.0
2021-02-11 14:00:00,55.0
2021-02-12 14:00:00,32.12
2021-02-13 14:00:00,40.69
2021-02-14 14:00:00,8.0
2021-02-15 14:00:00,10.01
2021-02-16 14:00:00,12.44
2021-02-17 14:00:00,35.69
2021-02-18 14:00:00,43.52
2021-02-19 14:00:00,14.0
2021-02-20 14:00:00,0.16
2021-02-21 14:00:00,6.95
2021-02-22 14:00:00,35.5
2021-02-23 14:00:00,38.9
2021-02-24 14:00:00,10.1
2021-02-25 14:00:00,40.13
2021-02-26 14:00:00,40.19
2021-02-27 14:00:00,28.91
2021-02-28 14:00:00,15.85
2021-03-01 14:00:00,40.34
2021-03-02 14:00:00,46.63
2021-03-03 14:00:00,46.51
2021-03-04 14:00:00,53.98
2021-03-05 14:00:00,48.99
2021-03-06 14:00:00,39.95
2021-03-07 14:00:00,45.8
2021-03-08 14:00:00,55.68
2021-03-09 14:00:00,56.47
2021-03-10 14:00:00,51.94
2021-03-11 14:00:00,38.99
2021-03-12 14:00:00,30.43
2021-03-13 14:00:00,19.9
2021-03-14 14:00:00,10.07
2021-03-15 14:00:00,46.24
2021-03-16 14:00:00,30.57
2021-03-17 14:00:00,13.2
2021-03-18 14:00:00,37.03
2021-03-19 14:00:00,26.74
2021-03-20 14:00:00,16.0
2021-03-21 14:00:00,23.4
2021-03-22 14:00:00,54.81
2021-03-23 14:00:00,60.48
2021-03-24 14:00:00,61.14
2021-03-25 14:00:00,62.36
2021-03-26 14:00:00,60.16
2021-03-27 14:00:00,34.6
2021-03-28 14:00:00,32.0
2021-03-29 14:00:00,37.0
2021-03-30 14:00:00,42.83
2021-03-31 14:00:00,46.66
2021-04-01 14:00:00,43.23
2021-04-02 14:00:00,45.1
2021-04-03 14:00:00,23.7
2021-04-04 14:00:00,8.0
2021-04-05 14:00:00,48.32
2021-04-06 14:00:00,56.82
2021-04-07 14:00:00,65.03
2021-04-08 14:00:00,66.09
2021-04-09 14:00:00,65.13
2021-04-10 14:00:00,65.51
2021-04-11 14:00:00,45.9
2021-04-12 14:00:00,62.0
2021-04-13 14:00:00,72.0
2021-04-14 14:00:00,67.97
2021-04-15 14:00:00,69.0
2021-04-16 14:00:00,62.36
2021-04-17 14:00:00,55.77
2021-04-18 14:00:00,54.89
2021-04-19 14:00:00,78.04
2021-04-20 14:00:00,72.1
2021-04-21 14:00:00,75.0
2021-04-22 14:00:00,71.05
2021-04-23 14:00:00,54.6
2021-04-24 14:00:00,50.4
2021-04-25 14:00:00,54.55
2021-04-26 14:00:00,74.75
2021-04-27 14:00:00,78.86
2021-04-28 14:00:00,76.71
2021-04-29 14:00:00,77.02
2021-04-30 14:00:00,77.75
2021-05-01 14:00:00,51.4
2021-05-02 14:00:00,66.01
2021-05-03 14:00:00,76.5
2021-05-04 14:00:00,81.04
2021-05-05 14:00:00,73.55
2021-05-06 14:00:00,65.02
2021-05-07 14:00:00,70.0
2021-05-08 14:00:00,20.0
2021-05-09 14:00:00,0.16
2021-05-10 14:00:00,59.83
2021-05-11 14:00:00,39.47
2021-05-12 14:00:00,45.0
2021-05-13 14:00:00,46.0
2021-05-14 14:00:00,63.0
2021-05-15 14:00:00,10.0
2021-05-16 14:00:00,7.45
2021-05-17 14:00:00,76.68
2021-05-18 14:00:00,67.46
2021-05-19 14:00:00,75.01
2021-05-20 14:00:00,81.72
2021-05-21 14:00:00,65.07
2021-05-22 14:00:00,60.14
2021-05-23 14:00:00,78.46
2021-05-24 14:00:00,62.03
2021-05-25 14:00:00,75.18
2021-05-26 14:00:00,81.0
2021-05-27 14:00:00,84.63
2021-05-28 14:00:00,87.27
2021-05-29 14:00:00,83.5
2021-05-30 14:00:00,64.9
2021-05-31 14:00:00,87.05
2021-06-01 14:00:00,83.26
2021-06-02 14:00:00,83.51
2021-06-03 14:00:00,78.58
2021-06-04 14:00:00,83.29
2021-06-05 14:00:00,83.74
2021-06-06 14:00:00,65.26
2021-06-07 14:00:00,79.75
2021-06-08 14:00:00,80.0
2021-06-09 14:00:00,82.39
2021-06-10 14:00:00,84.34
2021-06-11 14:00:00,83.34
2021-06-12 14:00:00,76.7
2021-06-13 14:00:00,72.86
2021-06-14 14:00:00,88.07
2021-06-15 14:00:00,92.2
2021-06-16 14:00:00,89.99
2021-06-17 14:00:00,89.67
2021-06-18 14:00:00,94.07
2021-06-19 14:00:00,86.83
2021-06-20 14:00:00,27.2
2021-06-21 14:00:00,89.21
2021-06-22 14:00:00,90.28
2021-06-23 14:00:00,90.76
2021-06-24 14:00:00,87.34
2021-06-25 14:00:00,81.2
2021-06-26 14:00:00,68.97
2021-06-27 14:00:00,50.74
2021-06-28 14:00:00,87.2
2021-06-29 14:00:00,92.98
2021-06-30 14:00:00,96.08
2021-07-01 14:00:00,90.19
2021-07-02 14:00:00,95.71
2021-07-03 14:00:00,92.32
2021-07-04 14:00:00,74.0
2021-07-05 14:00:00,94.23
2021-07-06 14:00:00,96.3
2021-07-07 14:00:00,97.36
2021-07-08 14:00:00,97.8
2021-07-09 14:00:00,91.92
2021-07-10 14:00:00,88.55
2021-07-11 14:00:00,74.99
2021-07-12 14:00:00,87.53
2021-07-13 14:00:00,97.96
2021-07-14 14:00:00,88.55
2021-07-15 14:00:00,90.86
2021-07-16 14:00:00,90.01
2021-07-17 14:00:00,96.05
2021-07-18 14:00:00,71.87
2021-07-19 14:00:00,99.26
2021-07-20 14:00:00,102.0
2021-07-21 14:00:00,105.13
2021-07-22 14:00:00,100.27
2021-07-23 14:00:00,79.19
2021-07-24 14:00:00,93.45
2021-07-25 14:00:00,93.45
2021-07-26 14:00:00,104.46
2021-07-27 14:00:00,98.85
2021-07-28 14:00:00,106.27
2021-07-29 14:00:00,99.0
2021-07-30 14:00:00,99.18
2021-07-31 14:00:00,59.41
2021-08-01 14:00:00,69.49
2021-08-02 14:00:00,104.64
2021-08-03 14:00:00,107.31
2021-08-04 14:00:00,105.01
2021-08-05 14:00:00,97.8
2021-08-06 14:00:00,102.84
2021-08-07 14:00:00,45.0
2021-08-08 14:00:00,76.0
2021-08-09 14:00:00,107.15
2021-08-10 14:00:00,111.25
2021-08-11 14:00:00,114.81
2021-08-12 14:00:00,112.19
2021-08-13 14:00:00,119.22
2021-08-14 14:00:00,105.18
2021-08-15 14:00:00,105.91
2021-08-16 14:00:00,84.99
2021-08-17 14:00:00,89.14
2021-08-18 14:00:00,113.36
2021-08-19 14:00:00,121.1
2021-08-20 14:00:00,112.95
2021-08-21 14:00:00,104.51
2021-08-22 14:00:00,107.89
2021-08-23 14:00:00,94.0
2021-08-24 14:00:00,99.03
2021-08-25 14:00:00,117.03
2021-08-26 14:00:00,122.0
2021-08-27 14:00:00,119.91
2021-08-28 14:00:00,96.4
2021-08-29 14:00:00,96.97
2021-08-30 14:00:00,125.05
2021-08-31 14:00:00,128.95
2021-09-01 14:00:00,134.97
2021-09-02 14:00:00,138.91
2021-09-03 14:00:00,133.01
2021-09-04 14:00:00,113.7
2021-09-05 14:00:00,106.25
2021-09-06 14:00:00,126.4
2021-09-07 14:00:00,108.84
2021-09-08 14:00:00,129.48
2021-09-09 14:00:00,144.8
2021-09-10 14:00:00,150.0
2021-09-11 14:00:00,142.56
2021-09-12 14:00:00,116.3
2021-09-13 14:00:00,155.83
2021-09-14 14:00:00,163.74
2021-09-15 14:00:00,175.74
2021-09-16 14:00:00,186.0
2021-09-17 14:00:00,140.66
2021-09-18 14:00:00,140.37
2021-09-19 14:00:00,114.1
2021-09-20 14:00:00,149.76
2021-09-21 14:00:00,132.5
2021-09-22 14:00:00,180.0
2021-09-23 14:00:00,175.86
2021-09-24 14:00:00,178.31
2021-09-25 14:00:00,130.03
2021-09-26 14:00:00,138.6
2021-09-27 14:00:00,180.01
2021-09-28 14:00:00,180.0
2021-09-29 14:00:00,190.81
2021-09-30 14:00:00,195.0
2021-10-01 14:00:00,205.57
2021-10-02 14:00:00,131.9
2021-10-03 14:00:00,132.0
2021-10-04 14:00:00,163.93
2021-10-05 14:00:00,193.02
2021-10-06 14:00:00,193.43
2021-10-07 14:00:00,287.0
2021-10-08 14:00:00,188.8
2021-10-09 14:00:00,216.06
2021-10-10 14:00:00,160.0
2021-10-11 14:00:00,175.01
2021-10-12 14:00:00,175.53
2021-10-13 14:00:00,168.74
2021-10-14 14:00:00,198.89
2021-10-15 14:00:00,211.72
2021-10-16 14:00:00,216.25
2021-10-17 14:00:00,198.41
2021-10-18 14:00:00,193.73
2021-10-19 14:00:00,188.69
2021-10-20 14:00:00,179.7
2021-10-21 14:00:00,183.27
2021-10-22 14:00:00,188.69
2021-10-23 14:00:00,190.7
2021-10-24 14:00:00,193.6
2021-10-25 14:00:00,203.18
2021-10-26 14:00:00,200.6
2021-10-27 14:00:00,197.67
2021-10-28 14:00:00,185.26
2021-10-29 14:00:00,185.25
2021-10-30 14:00:00,129.89
2021-10-31 14:00:00,61.66
2021-11-01 14:00:00,70.62
2021-11-02 14:00:00,111.11
2021-11-03 14:00:00,119.9
2021-11-04 14:00:00,162.6
2021-11-05 14:00:00,147.62
2021-11-06 14:00:00,136.28
2021-11-07 14:00:00,123.0
2021-11-08 14:00:00,141.06
2021-11-09 14:00:00,171.46
2021-11-10 14:00:00,194.65
2021-11-11 14:00:00,176.97
2021-11-12 14:00:00,185.53
2021-11-13 14:00:00,176.52
2021-11-14 14:00:00,170.02
2021-11-15 14:00:00,146.13
2021-11-16 14:00:00,189.81
2021-11-17 14:00:00,165.17
2021-11-18 14:00:00,219.83
2021-11-19 14:00:00,225.38
2021-11-20 14:00:00,214.72
2021-11-21 14:00:00,213.73
2021-11-22 14:00:00,243.44
2021-11-23 14:00:00,217.42
2021-11-24 14:00:00,222.36
2021-11-25 14:00:00,220.3
2021-11-26 14:00:00,218.42
2021-11-27 14:00:00,173.67
2021-11-28 14:00:00,192.81
2021-11-29 14:00:00,216.69
2021-11-30 14:00:00,270.0
2021-12-01 14:00:00,237.9
2021-12-02 14:00:00,183.13
2021-12-03 14:00:00,197.78
2021-12-04 14:00:00,222.0
2021-12-05 14:00:00,23.08
2021-12-06 14:00:00,192.79
2021-12-07 14:00:00,193.99
2021-12-08 14:00:00,50.69
2021-12-09 14:00:00,210.0
2021-12-10 14:00:00,215.1
2021-12-11 14:00:00,250.0
2021-12-12 14:00:00,257.82
2021-12-13 14:00:00,259.99
2021-12-14 14:00:00,284.13
2021-12-15 14:00:00,290.0
2021-12-16 14:00:00,309.96
2021-12-17 14:00:00,317.58
2021-12-18 14:00:00,293.74
2021-12-19 14:00:00,321.0
2021-12-20 14:00:00,353.78
2021-12-21 14:00:00,322.61
2021-12-22 14:00:00,357.26
2021-12-23 14:00:00,400.75
2021-12-24 14:00:00,312.88
2021-12-25 14:00:00,248.61
2021-12-26 14:00:00,193.73
2021-12-27 14:00:00,103.64
2021-12-28 14:00:00,116.76
2021-12-29 14:00:00,205.62
2021-12-30 14:00:00,184.94
2021-12-31 14:00:00,125.02
2022-01-01 14:00:00,96.8
2022-01-02 14:00:00,110.52
2022-01-03 14:00:00,142.04
2022-01-04 14:00:00,179.59
2022-01-05 14:00:00,197.34
2022-01-06 14:00:00,204.43
2022-01-07 14:00:00,211.94
2022-01-08 14:00:00,185.0
2022-01-09 14:00:00,69.77
2022-01-10 14:00:00,216.01
2022-01-11 14:00:00,207.0
2022-01-12 14:00:00,197.42
2022-01-13 14:00:00,213.93
2022-01-14 14:00:00,180.66
2022-01-15 14:00:00,200.0
2022-01-16 14:00:00,195.02
2022-01-17 14:00:00,235.16
2022-01-18 14:00:00,216.73
2022-01-19 14:00:00,206.96
2022-01-20 14:00:00,172.01
2022-01-21 14:00:00,161.8
2022-01-22 14:00:00,191.05
2022-01-23 14:00:00,186.29
2022-01-24 14:00:00,230.63
2022-01-25 14:00:00,216.53
2022-01-26 14:00:00,233.16
2022-01-27 14:00:00,231.0
2022-01-28 14:00:00,211.88
2022-01-29 14:00:00,212.19
2022-01-30 14:00:00,221.86
2022-01-31 14:00:00,221.57
2022-02-01 14:00:00,190.02
2022-02-02 14:00:00,195.0
2022-02-03 14:00:00,192.68
2022-02-04 14:00:00,179.85
2022-02-05 14:00:00,189.0
2022-02-06 14:00:00,178.95
2022-02-07 14:00:00,199.46
2022-02-08 14:00:00,182.44
2022-02-09 14:00:00,188.05
2022-02-10 14:00:00,180.14
2022-02-11 14:00:00,174.5
2022-02-12 14:00:00,171.0
2022-02-13 14:00:00,117.92
2022-02-14 14:00:00,162.9
2022-02-15 14:00:00,162.9
2022-02-16 14:00:00,155.2
2022-02-17 14:00:00,133.89
2022-02-18 14:00:00,180.49
2022-02-19 14:00:00,120.84
2022-02-20 14:00:00,130.16
2022-02-21 14:00:00,147.1
2022-02-22 14:00:00,160.0
2022-02-23 14:00:00,177.89
2022-02-24 14:00:00,208.12
2022-02-25 14:00:00,240.3
2022-02-26 14:00:00,240.28
2022-02-27 14:00:00,247.28
2022-02-28 14:00:00,221.88
2022-03-01 14:00:00,221.5
2022-03-02 14:00:00,225.9
2022-03-03 14:00:00,349.15
2022-03-04 14:00:00,309.97
2022-03-05 14:00:00,365.04
2022-03-06 14:00:00,338.54
2022-03-07 14:00:00,447.48
2022-03-08 14:00:00,460.0
2022-03-09 14:00:00,356.74
2022-03-10 14:00:00,345.92
2022-03-11 14:00:00,270.0
2022-03-12 14:00:00,199.54
2022-03-13 14:00:00,252.95
2022-03-14 14:00:00,221.1
2022-03-15 14:00:00,247.63
2022-03-16 14:00:00,270.68
2022-03-17 14:00:00,200.0
2022-03-18 14:00:00,212.46
2022-03-19 14:00:00,188.1
2022-03-20 14:00:00,193.0
2022-03-21 14:00:00,218.5
2022-03-22 14:00:00,197.99
2022-03-23 14:00:00,197.54
2022-03-24 14:00:00,215.3
2022-03-25 14:00:00,250.08
2022-03-26 14:00:00,220.0
2022-03-27 14:00:00,182.89
2022-03-28 14:00:00,219.55
2022-03-29 14:00:00,257.78
2022-03-30 14:00:00,260.0
2022-03-31 14:00:00,197.82
2022-04-01 14:00:00,194.92
2022-04-02 14:00:00,164.39
2022-04-03 14:00:00,172.7
2022-04-04 14:00:00,266.7
2022-04-05 14:00:00,284.13
2022-04-06 14:00:00,217.9
2022-04-07 14:00:00,186.38
2022-04-08 14:00:00,82.0
2022-04-09 14:00:00,230.0
2022-04-10 14:00:00,3.7
2022-04-11 14:00:00,90.0
2022-04-12 14:00:00,242.85
2022-04-13 14:00:00,208.0
2022-04-14 14:00:00,195.19
2022-04-15 14:00:00,167.65
2022-04-16 14:00:00,89.99
2022-04-17 14:00:00,25.21
2022-04-18 14:00:00,63.15
2022-04-19 14:00:00,106.17
2022-04-20 14:00:00,60.24
2022-04-21 14:00:00,145.0
2022-04-22 14:00:00,207.0
2022-04-23 14:00:00,3.7
2022-04-24 14:00:00,130.04
2022-04-25 14:00:00,180.1
2022-04-26 14:00:00,215.0
2022-04-27 14:00:00,200.62
2022-04-28 14:00:00,200.09
2022-04-29 14:00:00,191.0
2022-04-30 14:00:00,172.94
2022-05-01 14:00:00,150.74
2022-05-02 14:00:00,190.45
2022-05-03 14:00:00,196.01
2022-05-04 14:00:00,200.78
2022-05-05 14:00:00,179.0
2022-05-06 14:00:00,181.0
2022-05-07 14:00:00,152.0
2022-05-08 14:00:00,116.87
2022-05-09 14:00:00,199.15
2022-05-10 14:00:00,186.52
2022-05-11 14:00:00,163.98
2022-05-12 14:00:00,166.04
2022-05-13 14:00:00,187.55
2022-05-14 14:00:00,143.72
2022-05-15 14:00:00,45.35
2022-05-16 14:00:00,169.0
2022-05-17 14:00:00,161.57
2022-05-18 14:00:00,167.3
2022-05-19 14:00:00,163.7
2022-05-20 14:00:00,190.07
2022-05-21 14:00:00,167.45
2022-05-22 14:00:00,141.98
2022-05-23 14:00:00,187.91
2022-05-24 14:00:00,169.47
2022-05-25 14:00:00,180.18
2022-05-26 14:00:00,155.0
2022-05-27 14:00:00,163.29
2022-05-28 14:00:00,144.0
2022-05-29 14:00:00,133.49
2022-05-30 14:00:00,191.62
2022-05-31 14:00:00,184.07
2022-06-01 14:00:00,180.0
2022-06-02 14:00:00,174.91
2022-06-03 14:00:00,180.19
2022-06-04 14:00:00,178.37
2022-06-05 14:00:00,166.55
2022-06-06 14:00:00,174.0
2022-06-07 14:00:00,185.0
2022-06-08 14:00:00,170.03
2022-06-09 14:00:00,174.0
2022-06-10 14:00:00,190.92
2022-06-11 14:00:00,165.16
2022-06-12 14:00:00,149.1
2022-06-13 14:00:00,204.02
2022-06-14 14:00:00,201.32
2022-06-15 14:00:00,155.4
2022-06-16 14:00:00,157.18
2022-06-17 14:00:00,173.44
2022-06-18 14:00:00,117.66
2022-06-19 14:00:00,80.0
2022-06-20 14:00:00,130.0
2022-06-21 14:00:00,135.73
2022-06-22 14:00:00,147.19
2022-06-23 14:00:00,142.08
2022-06-24 14:00:00,118.75
2022-06-25 14:00:00,109.01
2022-06-26 14:00:00,102.7
2022-06-27 14:00:00,142.43
2022-06-28 14:00:00,143.55
2022-06-29 14:00:00,125.0
2022-06-30 14:00:00,121.4
2022-07-01 14:00:00,151.0
2022-07-02 14:00:00,122.99
2022-07-03 14:00:00,125.1
2022-07-04 14:00:00,163.58
2022-07-05 14:00:00,149.95
2022-07-06 14:00:00,155.89
2022-07-07 14:00:00,115.55
2022-07-08 14:00:00,160.0
2022-07-09 14:00:00,139.15
2022-07-10 14:00:00,125.43
2022-07-11 14:00:00,157.07
2022-07-12 14:00:00,150.0
2022-07-13 14:00:00,158.97
2022-07-14 14:00:00,164.0
2022-07-15 14:00:00,142.94
2022-07-16 14:00:00,122.32
2022-07-17 14:00:00,84.0
2022-07-18 14:00:00,111.78
2022-07-19 14:00:00,135.86
2022-07-20 14:00:00,153.58
2022-07-21 14:00:00,143.11
2022-07-22 14:00:00,145.52
2022-07-23 14:00:00,149.25
2022-07-24 14:00:00,117.47
2022-07-25 14:00:00,161.62
2022-07-26 14:00:00,165.0
2022-07-27 14:00:00,159.21
2022-07-28 14:00:00,177.58
2022-07-29 14:00:00,148.02
2022-07-30 14:00:00,120.12
2022-07-31 14:00:00,95.0
2022-08-01 14:00:00,140.65
2022-08-02 14:00:00,140.0
2022-08-03 14:00:00,127.65
2022-08-04 14:00:00,145.5
2022-08-05 14:00:00,135.01
2022-08-06 14:00:00,121.0
2022-08-07 14:00:00,79.01
2022-08-08 14:00:00,143.95
2022-08-09 14:00:00,144.88
2022-08-10 14:00:00,124.1
2022-08-11 14:00:00,144.99
2022-08-12 14:00:00,157.1
2022-08-13 14:00:00,136.1
2022-08-14 14:00:00,111.2
2022-08-15 14:00:00,120.0
2022-08-16 14:00:00,121.1
2022-08-17 14:00:00,125.0
2022-08-18 14:00:00,106.98
2022-08-19 14:00:00,120.0
2022-08-20 14:00:00,159.92
2022-08-21 14:00:00,105.0
2022-08-22 14:00:00,160.0
2022-08-23 14:00:00,184.84
2022-08-24 14:00:00,160.6
2022-08-25 14:00:00,150.0
2022-08-26 14:00:00,199.99
2022-08-27 14:00:00,129.0
2022-08-28 14:00:00,68.0
2022-08-29 14:00:00,145.0
2022-08-30 14:00:00,175.19
2022-08-31 14:00:00,165.0
2022-09-01 14:00:00,179.0
2022-09-02 14:00:00,146.78
2022-09-03 14:00:00,91.5
2022-09-04 14:00:00,80.5
2022-09-05 14:00:00,142.14
2022-09-06 14:00:00,138.57
2022-09-07 14:00:00,82.42
2022-09-08 14:00:00,153.14
2022-09-09 14:00:00,118.0
2022-09-10 14:00:00,148.93
2022-09-11 14:00:00,108.6
2022-09-12 14:00:00,161.25
2022-09-13 14:00:00,113.0
2022-09-14 14:00:00,111.0
2022-09-15 14:00:00,176.68
2022-09-16 14:00:00,180.1
2022-09-17 14:00:00,30.1
2022-09-18 14:00:00,85.7
2022-09-19 14:00:00,200.0
2022-09-20 14:00:00,131.43
2022-09-21 14:00:00,139.06
2022-09-22 14:00:00,163.01
2022-09-23 14:00:00,99.0
2022-09-24 14:00:00,73.05
2022-09-25 14:00:00,15.0
2022-09-26 14:00:00,120.0
2022-09-27 14:00:00,48.9
2022-09-28 14:00:00,70.2
2022-09-29 14:00:00,90.1
2022-09-30 14:00:00,83.53
2022-10-01 14:00:00,85.11
2022-10-02 14:00:00,99.05
2022-10-03 14:00:00,180.0
2022-10-04 14:00:00,139.89
2022-10-05 14:00:00,134.9
2022-10-06 14:00:00,91.24
2022-10-07 14:00:00,125.61
2022-10-08 14:00:00,88.0
2022-10-09 14:00:00,78.94
2022-10-10 14:00:00,162.38
2022-10-11 14:00:00,150.14
2022-10-12 14:00:00,109.11
2022-10-13 14:00:00,114.68
2022-10-14 14:00:00,97.17
2022-10-15 14:00:00,80.0
2022-10-16 14:00:00,73.51
2022-10-17 14:00:00,112.27
2022-10-18 14:00:00,59.52
2022-10-19 14:00:00,50.65
2022-10-20 14:00:00,74.4
2022-10-21 14:00:00,107.99
2022-10-22 14:00:00,84.32
2022-10-23 14:00:00,52.9
2022-10-24 14:00:00,89.3
2022-10-25 14:00:00,88.65
2022-10-26 14:00:00,94.26
2022-10-27 14:00:00,100.65
2022-10-28 14:00:00,101.03
2022-10-29 14:00:00,80.9
2022-10-30 14:00:00,131.82
2022-10-31 14:00:00,145.96
2022-11-01 14:00:00,80.88
2022-11-02 14:00:00,103.54
2022-11-03 14:00:00,129.07
2022-11-04 14:00:00,112.8
2022-11-05 14:00:00,109.2
2022-11-06 14:00:00,95.16
2022-11-07 14:00:00,97.68
2022-11-08 14:00:00,98.0
2022-11-09 14:00:00,123.64
2022-11-10 14:00:00,113.75
2022-11-11 14:00:00,102.98
2022-11-12 14:00:00,78.16
2022-11-13 14:00:00,106.0
2022-11-14 14:00:00,119.52
2022-11-15 14:00:00,93.9
2022-11-16 14:00:00,96.0
2022-11-17 14:00:00,69.3
2022-11-18 14:00:00,107.76
2022-11-19 14:00:00,33.5
2022-11-20 14:00:00,89.9
2022-11-21 14:00:00,97.84
2022-11-22 14:00:00,60.5
2022-11-23 14:00:00,100.0
2022-11-24 14:00:00,119.59
2022-11-25 14:00:00,118.33
2022-11-26 14:00:00,104.96
2022-11-27 14:00:00,99.4
2022-11-28 14:00:00,65.88
2022-11-29 14:00:00,98.04
2022-11-30 14:00:00,148.45
2022-12-01 14:00:00,153.38
2022-12-02 14:00:00,115.98
2022-12-03 14:00:00,110.0
2022-12-04 14:00:00,175.0
2022-12-05 14:00:00,217.6
2022-12-06 14:00:00,154.27
2022-12-07 14:00:00,142.34
2022-12-08 14:00:00,120.07
2022-12-09 14:00:00,148.87
2022-12-10 14:00:00,114.33
2022-12-11 14:00:00,148.17
2022-12-12 14:00:00,96.99
2022-12-13 14:00:00,142.0
2022-12-14 14:00:00,87.7
2022-12-15 14:00:00,130.5
2022-12-16 14:00:00,122.08
2022-12-17 14:00:00,120.0
2022-12-18 14:00:00,86.0
2022-12-19 14:00:00,74.95
2022-12-20 14:00:00,81.14
2022-12-21 14:00:00,53.0
2022-12-22 14:00:00,44.4
2022-12-23 14:00:00,11.5
2022-12-24 14:00:00,21.78
2022-12-25 14:00:00,4.11
2022-12-26 14:00:00,55.19
2022-12-27 14:00:00,84.0
2022-12-28 14:00:00,30.2
2022-12-29 14:00:00,20.33
2022-12-30 14:00:00,4.11
2022-12-31 14:00:00,0.16
2023-01-01 14:00:00,0.1
2023-01-02 14:00:00,130.0
2023-01-03 14:00:00,130.0
2023-01-04 14:00:00,106.0
2023-01-05 14:00:00,96.44
2023-01-06 14:00:00,90.23
2023-01-07 14:00:00,8.0
2023-01-08 14:00:00,5.0
2023-01-09 14:00:00,91.84
2023-01-10 14:00:00,95.5
2023-01-11 14:00:00,84.77
2023-01-12 14:00:00,81.59
2023-01-13 14:00:00,76.14
2023-01-14 14:00:00,45.0
2023-01-15 14:00:00,21.94
2023-01-16 14:00:00,15.0
2023-01-17 14:00:00,4.16
2023-01-18 14:00:00,4.16
2023-01-19 14:00:00,21.0
2023-01-20 14:00:00,76.77
2023-01-21 14:00:00,44.8
2023-01-22 14:00:00,20.0
2023-01-23 14:00:00,59.16
2023-01-24 14:00:00,64.02
2023-01-25 14:00:00,65.0
2023-01-26 14:00:00,56.1
2023-01-27 14:00:00,20.0
2023-01-28 14:00:00,20.73
2023-01-29 14:00:00,39.5
2023-01-30 14:00:00,121.32
2023-01-31 14:00:00,109.99
2023-02-01 14:00:00,104.42
2023-02-02 14:00:00,126.33
2023-02-03 14:00:00,129.95
2023-02-04 14:00:00,95.0
2023-02-05 14:00:00,17.69
2023-02-06 14:00:00,142.0
2023-02-07 14:00:00,128.28
2023-02-08 14:00:00,135.14
2023-02-09 14:00:00,140.0
2023-02-10 14:00:00,125.5
2023-02-11 14:00:00,110.0
2023-02-12 14:00:00,120.0
2023-02-13 14:00:00,132.91
2023-02-14 14:00:00,128.6
2023-02-15 14:00:00,121.75
2023-02-16 14:00:00,125.57
2023-02-17 14:00:00,115.46
2023-02-18 14:00:00,114.16
2023-02-19 14:00:00,107.0
2023-02-20 14:00:00,117.54
2023-02-21 14:00:00,135.0
2023-02-22 14:00:00,132.64
2023-02-23 14:00:00,119.4
2023-02-24 14:00:00,142.85
2023-02-25 14:00:00,129.99
2023-02-26 14:00:00,17.69
2023-02-27 14:00:00,97.49
2023-02-28 14:00:00,106.37
2023-03-01 14:00:00,130.47
2023-03-02 14:00:00,119.0
2023-03-03 14:00:00,117.5
2023-03-04 14:00:00,115.0
2023-03-05 14:00:00,126.15
2023-03-06 14:00:00,144.76
2023-03-07 14:00:00,100.1
2023-03-08 14:00:00,80.1
2023-03-09 14:00:00,56.0
2023-03-10 14:00:00,20.0
2023-03-11 14:00:00,4.16
2023-03-12 14:00:00,50.0
2023-03-13 14:00:00,8.35
2023-03-14 14:00:00,30.0
2023-03-15 14:00:00,108.0
2023-03-16 14:00:00,39.99
2023-03-17 14:00:00,29.59
2023-03-18 14:00:00,80.42
2023-03-19 14:00:00,69.55
2023-03-20 14:00:00,100.0
2023-03-21 14:00:00,100.09
2023-03-22 14:00:00,59.1
2023-03-23 14:00:00,42.06
2023-03-24 14:00:00,20.54
2023-03-25 14:00:00,1.73
2023-03-26 14:00:00,0.0
2023-03-27 14:00:00,68.87
2023-03-28 14:00:00,80.0
2023-03-29 14:00:00,29.59
2023-03-30 14:00:00,4.16
2023-03-31 14:00:00,4.16
2023-04-01 14:00:00,15.0
2023-04-02 14:00:00,0.1
2023-04-03 14:00:00,20.0
2023-04-04 14:00:00,15.49
2023-04-05 14:00:00,61.12
2023-04-06 14:00:00,41.63
2023-04-07 14:00:00,15.0
2023-04-08 14:00:00,32.48
2023-04-09 14:00:00,5.5
2023-04-10 14:00:00,1.5
2023-04-11 14:00:00,105.53
2023-04-12 14:00:00,4.16
2023-04-13 14:00:00,1.5
2023-04-14 14:00:00,4.0
2023-04-15 14:00:00,1.5
2023-04-16 14:00:00,0.0
2023-04-17 14:00:00,40.02
2023-04-18 14:00:00,80.0
2023-04-19 14:00:00,89.64
2023-04-20 14:00:00,74.87
2023-04-21 14:00:00,55.44
2023-04-22 14:00:00,34.84
2023-04-23 14:00:00,1.5
2023-04-24 14:00:00,60.11
2023-04-25 14:00:00,60.01
2023-04-26 14:00:00,91.79
2023-04-27 14:00:00,91.0
2023-04-28 14:00:00,92.78
2023-04-29 14:00:00,69.01
2023-04-30 14:00:00,23.67
2023-05-01 14:00:00,1.5
2023-05-02 14:00:00,92.76
2023-05-03 14:00:00,49.95
2023-05-04 14:00:00,62.27
2023-05-05 14:00:00,82.0
2023-05-06 14:00:00,55.8
2023-05-07 14:00:00,25.0
2023-05-08 14:00:00,83.71
2023-05-09 14:00:00,77.99
2023-05-10 14:00:00,68.91
2023-05-11 14:00:00,64.81
2023-05-12 14:00:00,60.16
2023-05-13 14:00:00,5.0
2023-05-14 14:00:00,0.0
2023-05-15 14:00:00,4.17
2023-05-16 14:00:00,12.95
2023-05-17 14:00:00,33.91
2023-05-18 14:00:00,22.33
2023-05-19 14:00:00,42.77
2023-05-20 14:00:00,5.0
2023-05-21 14:00:00,2.91
2023-05-22 14:00:00,82.66
2023-05-23 14:00:00,64.92
2023-05-24 14:00:00,78.77
2023-05-25 14:00:00,38.0
2023-05-26 14:00:00,20.0
2023-05-27 14:00:00,82.01
2023-05-28 14:00:00,70.47
2023-05-29 14:00:00,84.45
2023-05-30 14:00:00,82.26
2023-05-31 14:00:00,68.25
2023-06-01 14:00:00,72.0
2023-06-02 14:00:00,81.1
2023-06-03 14:00:00,60.0
2023-06-04 14:00:00,40.0
2023-06-05 14:00:00,66.54
2023-06-06 14:00:00,73.26
2023-06-07 14:00:00,85.01
2023-06-08 14:00:00,64.4
2023-06-09 14:00:00,67.0
2023-06-10 14:00:00,61.55
2023-06-11 14:00:00,20.0
2023-06-12 14:00:00,83.34
2023-06-13 14:00:00,73.22
2023-06-14 14:00:00,67.99
2023-06-15 14:00:00,90.0
2023-06-16 14:00:00,106.76
2023-06-17 14:00:00,48.4
2023-06-18 14:00:00,29.52
2023-06-19 14:00:00,90.0
2023-06-20 14:00:00,101.52
2023-06-21 14:00:00,99.73
2023-06-22 14:00:00,106.0
2023-06-23 14:00:00,87.37
2023-06-24 14:00:00,25.0
2023-06-25 14:00:00,9.15
2023-06-26 14:00:00,77.58
2023-06-27 14:00:00,85.31
2023-06-28 14:00:00,97.42
2023-06-29 14:00:00,96.88
2023-06-30 14:00:00,89.0
2023-07-01 14:00:00,4.43
2023-07-02 14:00:00,1.64
2023-07-03 14:00:00,107.72
2023-07-04 14:00:00,91.78
2023-07-05 14:00:00,95.0
2023-07-06 14:00:00,89.5
2023-07-07 14:00:00,80.0
2023-07-08 14:00:00,42.0
2023-07-09 14:00:00,40.98
2023-07-10 14:00:00,94.81
2023-07-11 14:00:00,92.5
2023-07-12 14:00:00,91.0
2023-07-13 14:00:00,90.1
2023-07-14 14:00:00,64.34
2023-07-15 14:00:00,14.0
2023-07-16 14:00:00,25.02
2023-07-17 14:00:00,73.52
2023-07-18 14:00:00,81.99
2023-07-19 14:00:00,87.0
2023-07-20 14:00:00,80.85
2023-07-21 14:00:00,91.72
2023-07-22 14:00:00,71.7
2023-07-23 14:00:00,0.01
2023-07-24 14:00:00,81.76
2023-07-25 14:00:00,78.0
2023-07-26 14:00:00,90.7
2023-07-27 14:00:00,80.01
2023-07-28 14:00:00,80.0
2023-07-29 14:00:00,41.0
2023-07-30 14:00:00,25.0
2023-07-31 14:00:00,77.5
2023-08-01 14:00:00,68.57
2023-08-02 14:00:00,63.23
2023-08-03 14:00:00,35.0
2023-08-04 14:00:00,50.01
2023-08-05 14:00:00,40.46
2023-08-06 14:00:00,0.0
2023-08-07 14:00:00,52.71
2023-08-08 14:00:00,79.7
2023-08-09 14:00:00,80.85
2023-08-10 14:00:00,84.5
2023-08-11 14:00:00,97.4
2023-08-12 14:00:00,75.51
2023-08-13 14:00:00,15.0
2023-08-14 14:00:00,75.0
2023-08-15 14:00:00,73.0
2023-08-16 14:00:00,86.0
2023-08-17 14:00:00,90.51
2023-08-18 14:00:00,82.85
2023-08-19 14:00:00,84.91
2023-08-20 14:00:00,83.71
2023-08-21 14:00:00,101.1
2023-08-22 14:00:00,99.51
2023-08-23 14:00:00,114.56
2023-08-24 14:00:00,112.27
2023-08-25 14:00:00,100.06
2023-08-26 14:00:00,89.91
2023-08-27 14:00:00,0.0
2023-08-28 14:00:00,68.0
2023-08-29 14:00:00,86.0
2023-08-30 14:00:00,95.68
2023-08-31 14:00:00,89.31
2023-09-01 14:00:00,88.9
2023-09-02 14:00:00,83.0
2023-09-03 14:00:00,11.33
2023-09-04 14:00:00,70.0
2023-09-05 14:00:00,80.31
2023-09-06 14:00:00,79.77
2023-09-07 14:00:00,83.0
2023-09-08 14:00:00,81.1
2023-09-09 14:00:00,73.5
2023-09-10 14:00:00,75.0
2023-09-11 14:00:00,92.0
2023-09-12 14:00:00,97.2
2023-09-13 14:00:00,93.0
2023-09-14 14:00:00,89.0
2023-09-15 14:00:00,109.18
2023-09-16 14:00:00,76.23
2023-09-17 14:00:00,4.08
2023-09-18 14:00:00,86.5
2023-09-19 14:00:00,89.0
2023-09-20 14:00:00,76.41
2023-09-21 14:00:00,82.27
2023-09-22 14:00:00,77.11
2023-09-23 14:00:00,70.55
2023-09-24 14:00:00,0.0
2023-09-25 14:00:00,86.23
2023-09-26 14:00:00,98.93
2023-09-27 14:00:00,87.34
2023-09-28 14:00:00,82.18
2023-09-29 14:00:00,94.0
2023-09-30 14:00:00,54.63
2023-10-01 14:00:00,37.43
2023-10-02 14:00:00,87.7
2023-10-03 14:00:00,88.0
2023-10-04 14:00:00,84.25
2023-10-05 14:00:00,81.05
2023-10-06 14:00:00,83.1
2023-10-07 14:00:00,75.8
2023-10-08 14:00:00,55.14
2023-10-09 14:00:00,93.02
2023-10-10 14:00:00,100.05
2023-10-11 14:00:00,96.09
2023-10-12 14:00:00,91.5
2023-10-13 14:00:00,91.25
2023-10-14 14:00:00,138.15
2023-10-15 14:00:00,103.32
2023-10-16 14:00:00,135.0
2023-10-17 14:00:00,94.25
2023-10-18 14:00:00,60.57
2023-10-19 14:00:00,95.51
2023-10-20 14:00:00,4.3
2023-10-21 14:00:00,10.0
2023-10-22 14:00:00,51.6
2023-10-23 14:00:00,103.22
2023-10-24 14:00:00,65.1
2023-10-25 14:00:00,35.0
2023-10-26 14:00:00,35.75
2023-10-27 14:00:00,4.3
2023-10-28 14:00:00,1.34
2023-10-29 14:00:00,0.96
2023-10-30 14:00:00,5.0
2023-10-31 14:00:00,101.94
2023-11-01 14:00:00,0.1
2023-11-02 14:00:00,4.3
2023-11-03 14:00:00,3.0
2023-11-04 14:00:00,0.1
2023-11-05 14:00:00,0.0
2023-11-06 14:00:00,20.78
2023-11-07 14:00:00,83.1
2023-11-08 14:00:00,76.5
2023-11-09 14:00:00,51.6
2023-11-10 14:00:00,21.17
2023-11-11 14:00:00,4.3
2023-11-12 14:00:00,5.0
2023-11-13 14:00:00,18.02
2023-11-14 14:00:00,40.2
2023-11-15 14:00:00,83.35
2023-11-16 14:00:00,97.88
2023-11-17 14:00:00,111.55
2023-11-18 14:00:00,70.8
2023-11-19 14:00:00,38.8
2023-11-20 14:00:00,78.32
2023-11-21 14:00:00,16.5
2023-11-22 14:00:00,9.9
2023-11-23 14:00:00,27.78
2023-11-24 14:00:00,52.0
2023-11-25 14:00:00,67.57
2023-11-26 14:00:00,110.1
2023-11-27 14:00:00,100.03
2023-11-28 14:00:00,99.0
2023-11-29 14:00:00,60.0
2023-11-30 14:00:00,103.0
2023-12-01 14:00:00,82.9
2023-12-02 14:00:00,57.5
2023-12-03 14:00:00,60.1
2023-12-04 14:00:00,60.1
2023-12-05 14:00:00,116.1
2023-12-06 14:00:00,106.88
2023-12-07 14:00:00,84.36
2023-12-08 14:00:00,4.3
2023-12-09 14:00:00,18.47
2023-12-10 14:00:00,39.99
2023-12-11 14:00:00,74.01
2023-12-12 14:00:00,52.76
2023-12-13 14:00:00,42.24
2023-12-14 14:00:00,48.3
2023-12-15 14:00:00,50.98
2023-12-16 14:00:00,70.8
2023-12-17 14:00:00,46.5
2023-12-18 14:00:00,75.16
2023-12-19 14:00:00,75.31
2023-12-20 14:00:00,50.1
2023-12-21 14:00:00,40.0
2023-12-22 14:00:00,40.0
2023-12-23 14:00:00,27.26
2023-12-24 14:00:00,48.99
2023-12-25 14:00:00,49.3
2023-12-26 14:00:00,76.47
2023-12-27 14:00:00,62.98
2023-12-28 14:00:00,90.1
2023-12-29 14:00:00,97.0
2023-12-30 14:00:00,48.0
2023-12-31 14:00:00,7.21
2024-01-01 14:00:00,2.06
2024-01-02 14:00:00,43.0
2024-01-03 14:00:00,55.42
2024-01-04 14:00:00,85.96
2024-01-05 14:00:00,44.07
2024-01-06 14:00:00,3.2
2024-01-07 14:00:00,51.77
2024-01-08 14:00:00,93.88
2024-01-09 14:00:00,106.48
2024-01-10 14:00:00,98.5
2024-01-11 14:00:00,82.18
2024-01-12 14:00:00,91.78
2024-01-13 14:00:00,71.45
2024-01-14 14:00:00,65.4
2024-01-15 14:00:00,82.41
2024-01-16 14:00:00,89.42
2024-01-17 14:00:00,12.99
2024-01-18 14:00:00,35.0
2024-01-19 14:00:00,70.83
2024-01-20 14:00:00,69.84
2024-01-21 14:00:00,47.42
2024-01-22 14:00:00,58.48
2024-01-23 14:00:00,61.03
2024-01-24 14:00:00,58.2
2024-01-25 14:00:00,64.97
2024-01-26 14:00:00,50.7
2024-01-27 14:00:00,47.7
2024-01-28 14:00:00,39.93
2024-01-29 14:00:00,73.81
2024-01-30 14:00:00,68.23
2024-01-31 14:00:00,66.5
2024-02-01 14:00:00,54.0
2024-02-02 14:00:00,55.5
2024-02-03 14:00:00,39.81
2024-02-04 14:00:00,35.65
2024-02-05 14:00:00,50.0
2024-02-06 14:00:00,56.47
2024-02-07 14:00:00,40.4
2024-02-08 14:00:00,31.7
2024-02-09 14:00:00,46.73
2024-02-10 14:00:00,0.0
2024-02-11 14:00:00,40.19
2024-02-12 14:00:00,35.6
2024-02-13 14:00:00,60.26
2024-02-14 14:00:00,41.1
2024-02-15 14:00:00,48.01
2024-02-16 14:00:00,44.2
2024-02-17 14:00:00,33.5
2024-02-18 14:00:00,33.5
2024-02-19 14:00:00,30.6
2024-02-20 14:00:00,28.76
2024-02-21 14:00:00,30.0
2024-02-22 14:00:00,3.2
2024-02-23 14:00:00,0.43
2024-02-24 14:00:00,0.0
2024-02-25 14:00:00,0.43
2024-02-26 14:00:00,0.43
2024-02-27 14:00:00,0.0
2024-02-28 14:00:00,0.0
2024-02-29 14:00:00,0.0
2024-03-01 14:00:00,0.0
2024-03-02 14:00:00,0.01
2024-03-03 14:00:00,0.0
2024-03-04 14:00:00,2.91
2024-03-05 14:00:00,3.9
2024-03-06 14:00:00,3.9
2024-03-07 14:00:00,0.43
2024-03-08 14:00:00,0.0
2024-03-09 14:00:00,0.0
2024-03-10 14:00:00,0.0
2024-03-11 14:00:00,0.0
2024-03-12 14:00:00,0.1
2024-03-13 14:00:00,2.3
2024-03-14 14:00:00,9.14
2024-03-15 14:00:00,10.95
2024-03-16 14:00:00,3.2
2024-03-17 14:00:00,0.43
2024-03-18 14:00:00,35.0
2024-03-19 14:00:00,35.0
2024-03-20 14:00:00,27.0
2024-03-21 14:00:00,14.0
2024-03-22 14:00:00,2.44
2024-03-23 14:00:00,0.0
2024-03-24 14:00:00,0.0
2024-03-25 14:00:00,4.0
2024-03-26 14:00:00,0.0
2024-03-27 14:00:00,0.0
2024-03-28 14:00:00,0.0
2024-03-29 14:00:00,0.5
2024-03-30 14:00:00,0.43
2024-03-31 14:00:00,0.0
2024-04-01 14:00:00,0.0
2024-04-02 14:00:00,0.01
2024-04-03 14:00:00,0.0
2024-04-04 14:00:00,0.0
2024-04-05 14:00:00,0.0
2024-04-06 14:00:00,-0.01
2024-04-07 14:00:00,-0.01
2024-04-08 14:00:00,0.0
2024-04-09 14:00:00,-0.02
2024-04-10 14:00:00,-0.03
2024-04-11 14:00:00,-0.01
2024-04-12 14:00:00,-0.06
2024-04-13 14:00:00,-0.1
2024-04-14 14:00:00,-1.0
2024-04-15 14:00:00,-0.04
2024-04-16 14:00:00,-0.1
2024-04-17 14:00:00,-0.03
2024-04-18 14:00:00,0.0
2024-04-19 14:00:00,0.04
2024-04-20 14:00:00,0.0
2024-04-21 14:00:00,-1.21
2024-04-22 14:00:00,-0.05
2024-04-23 14:00:00,0.0
2024-04-24 14:00:00,0.0
2024-04-25 14:00:00,15.65
2024-04-26 14:00:00,31.2
2024-04-27 14:00:00,0.0
2024-04-28 14:00:00,0.0
2024-04-29 14:00:00,35.01
2024-04-30 14:00:00,15.1
2024-05-01 14:00:00,-1.0
2024-05-02 14:00:00,1.83
2024-05-03 14:00:00,5.0
2024-05-04 14:00:00,0.0
2024-05-05 14:00:00,-0.04
2024-05-06 14:00:00,10.0
2024-05-07 14:00:00,0.0
2024-05-08 14:00:00,3.25
2024-05-09 14:00:00,0.44
2024-05-10 14:00:00,0.44
2024-05-11 14:00:00,0.0
2024-05-12 14:00:00,-0.66
2024-05-13 14:00:00,0.0
2024-05-14 14:00:00,0.0
2024-05-15 14:00:00,0.0
2024-05-16 14:00:00,2.95
2024-05-17 14:00:00,20.39
2024-05-18 14:00:00,0.0
2024-05-19 14:00:00,0.0
2024-05-20 14:00:00,1.09
2024-05-21 14:00:00,14.7
2024-05-22 14:00:00,11.72
2024-05-23 14:00:00,35.0
2024-05-24 14:00:00,40.8
2024-05-25 14:00:00,0.04
2024-05-26 14:00:00,-0.01
2024-05-27 14:00:00,25.0
2024-05-28 14:00:00,0.0
2024-05-29 14:00:00,18.4
2024-05-30 14:00:00,0.44
2024-05-31 14:00:00,0.0
2024-06-01 14:00:00,-0.36
2024-06-02 14:00:00,-1.86
2024-06-03 14:00:00,8.3
2024-06-04 14:00:00,35.0
2024-06-05 14:00:00,47.25
2024-06-06 14:00:00,56.3
2024-06-07 14:00:00,45.1
2024-06-08 14:00:00,41.6
2024-06-09 14:00:00,0.0
2024-06-10 14:00:00,35.01
2024-06-11 14:00:00,40.0
2024-06-12 14:00:00,35.01
2024-06-13 14:00:00,10.0
2024-06-14 14:00:00,0.44
2024-06-15 14:00:00,-0.5
2024-06-16 14:00:00,-2.0
2024-06-17 14:00:00,0.44
2024-06-18 14:00:00,20.97
2024-06-19 14:00:00,37.0
2024-06-20 14:00:00,58.35
2024-06-21 14:00:00,57.4
2024-06-22 14:00:00,0.03
2024-06-23 14:00:00,-1.0
2024-06-24 14:00:00,5.1
2024-06-25 14:00:00,35.01
2024-06-26 14:00:00,77.24
2024-06-27 14:00:00,64.75
2024-06-28 14:00:00,47.01
2024-06-29 14:00:00,35.0
2024-06-30 14:00:00,4.49
2024-07-01 14:00:00,35.0
2024-07-02 14:00:00,24.99
2024-07-03 14:00:00,21.34
2024-07-04 14:00:00,0.0
2024-07-05 14:00:00,3.32
2024-07-06 14:00:00,-0.76
2024-07-07 14:00:00,-0.02
2024-07-08 14:00:00,32.65
2024-07-09 14:00:00,22.98
2024-07-10 14:00:00,51.1
2024-07-11 14:00:00,54.19
2024-07-12 14:00:00,41.49
2024-07-13 14:00:00,0.44
2024-07-14 14:00:00,-0.62
2024-07-15 14:00:00,3.74
2024-07-16 14:00:00,61.38
2024-07-17 14:00:00,70.18
2024-07-18 14:00:00,84.61
2024-07-19 14:00:00,78.59
2024-07-20 14:00:00,0.0
2024-07-21 14:00:00,-0.1
2024-07-22 14:00:00,56.05
2024-07-23 14:00:00,72.2
2024-07-24 14:00:00,82.0
2024-07-25 14:00:00,71.05
2024-07-26 14:00:00,75.01
2024-07-27 14:00:00,17.8
2024-07-28 14:00:00,0.0
2024-07-29 14:00:00,100.0
2024-07-30 14:00:00,75.0
2024-07-31 14:00:00,81.97
2024-08-01 14:00:00,92.79
2024-08-02 14:00:00,60.0
2024-08-03 14:00:00,6.41
2024-08-04 14:00:00,4.55
2024-08-05 14:00:00,82.59
2024-08-06 14:00:00,83.4
2024-08-07 14:00:00,82.0
2024-08-08 14:00:00,83.0
2024-08-09 14:00:00,81.68
2024-08-10 14:00:00,1.9
2024-08-11 14:00:00,0.0
2024-08-12 14:00:00,82.0
2024-08-13 14:00:00,88.0
2024-08-14 14:00:00,64.99
2024-08-15 14:00:00,0.0
2024-08-16 14:00:00,53.93
2024-08-17 14:00:00,37.37
2024-08-18 14:00:00,0.0
2024-08-19 14:00:00,69.0
2024-08-20 14:00:00,68.14
2024-08-21 14:00:00,40.0
2024-08-22 14:00:00,82.28
2024-08-23 14:00:00,82.36
2024-08-24 14:00:00,0.0
2024-08-25 14:00:00,-0.01
2024-08-26 14:00:00,73.94
2024-08-27 14:00:00,77.5
2024-08-28 14:00:00,79.94
2024-08-29 14:00:00,111.11
2024-08-30 14:00:00,92.29
2024-08-31 14:00:00,88.2
2024-09-01 14:00:00,43.0
2024-09-02 14:00:00,90.29
2024-09-03 14:00:00,83.08
2024-09-04 14:00:00,76.0
2024-09-05 14:00:00,84.81
2024-09-06 14:00:00,46.22
2024-09-07 14:00:00,1.02
2024-09-08 14:00:00,0.0
2024-09-09 14:00:00,40.5
2024-09-10 14:00:00,19.56
2024-09-11 14:00:00,47.7
2024-09-12 14:00:00,14.0
2024-09-13 14:00:00,0.0
2024-09-14 14:00:00,0.79
2024-09-15 14:00:00,-0.01
2024-09-16 14:00:00,0.0
2024-09-17 14:00:00,0.0
2024-09-18 14:00:00,60.0
2024-09-19 14:00:00,95.5
2024-09-20 14:00:00,81.34
2024-09-21 14:00:00,50.24
2024-09-22 14:00:00,0.1
2024-09-23 14:00:00,50.24
2024-09-24 14:00:00,59.77
2024-09-25 14:00:00,34.27
2024-09-26 14:00:00,0.0
2024-09-27 14:00:00,-0.15
2024-09-28 14:00:00,0.0
2024-09-29 14:00:00,-0.5
2024-09-30 14:00:00,25.2
2024-10-01 14:00:00,55.41
