sliding_window,lag_price_window,percentile,data_points,mse,mae,r2,worst_avg_error,alpha
7,1,100,2252,1000.9056808918186,19.219125313738992,0.7063104601242927,20.21610321428087,0.01
7,1,99,2229,775.9272396924193,17.903819866456406,0.7660449187194366,19.417005871967987,0.01
7,1,95,2139,465.9070731767642,14.90741846335928,0.8452079129700811,20.21610321428087,0.01
7,1,85,1914,207.52776485352717,10.684039355405364,0.9215484121401164,22.4407913260787,0.01
7,1,75,1689,107.59960534822451,8.012305045388306,0.951419010936922,25.058791656800103,0.01
7,2,100,2252,3946.2786027424017,27.67149822293952,-0.1579320301470363,29.113920836608685,0.01
7,2,99,2229,1480.1798455551325,23.737470357787934,0.5579454654745419,27.956533926635636,0.01
7,2,95,2139,809.3792355840512,19.31793496729011,0.7363754527177226,29.113920836608685,0.01
7,2,85,1914,346.2148330265304,13.625137777520557,0.8725823558386405,32.35033839804828,0.01
7,2,75,1689,176.4578786122366,10.114711267935482,0.9309071758071644,36.19703076330266,0.01
7,4,100,2252,7972.820431358305,33.70298007331666,-1.3394152003522706,35.46302166410183,0.01
7,4,99,2229,2274.6279269986817,27.60350494077094,0.3130716826919281,34.049929958025515,0.01
7,4,95,2139,1115.9345268536772,21.7309057591762,0.6396634941102372,35.46302166410183,0.01
7,4,85,1914,435.8290731710566,14.690375533831505,0.849779574319888,39.46081811167679,0.01
7,4,75,1689,195.8871714707696,10.41242473609124,0.920596041039968,44.30791276269213,0.01
7,6,100,2252,796.1315123001777,16.330803730017763,0.7663960730848706,17.177934579439253,0.01
7,6,99,2229,592.9755878869448,15.062359802602064,0.8190591011016984,16.499300134589504,0.01
7,6,95,2139,348.7560739130435,12.3622487143525,0.8888370965369763,17.177934579439253,0.01
7,6,85,1914,138.96889273772206,8.48014106583072,0.9511315476120376,19.093994778067884,0.01
7,6,75,1689,65.14455660153936,6.139911190053286,0.973245006086744,21.37719952634695,0.01
10,1,100,2249,780.5547708467062,17.173315349769535,0.7712505633379255,18.0672168218649,0.01
10,1,99,2226,614.0624433686507,16.033607663526045,0.8108988139127566,17.35016213412125,0.01
10,1,95,2136,380.6915766689117,13.44303977928074,0.8728271259606216,18.0672168218649,0.01
10,1,85,1911,170.59589139668813,9.62530497827622,0.9332898236372535,20.05441652394737,0.01
10,1,75,1687,84.54283861356784,7.131016143391538,0.9628675781118788,22.38479107412792,0.01
10,2,100,2249,1059.9984189962252,19.26646770718991,0.6893567879355185,20.27023725381258,0.01
10,2,99,2226,781.7417074493271,17.79643034062693,0.7624527018849774,19.464951019251295,0.01
10,2,95,2136,464.1701133043055,14.744756230029164,0.849116661398854,20.27023725381258,0.01
10,2,85,1911,204.2404165921419,10.494901042571104,0.9256337232799284,22.49071714904794,0.01
10,2,75,1687,100.9551696520196,7.760533139463794,0.9552012931957368,25.09598398380521,0.01
10,4,100,2249,12028.671158535955,44.738556190480594,-2.525123225271814,47.08013768701957,0.01
10,4,99,2226,4201.913918767434,36.75066273799723,-0.2579467992901672,45.18018717456298,0.01
10,4,95,2136,1699.8343385482308,28.39247414440648,0.4406260202872145,47.08013768701957,0.01
10,4,85,1911,762.1469231907996,20.373713407371675,0.7247819075587338,52.34279349819812,0.01
10,4,75,1687,391.3331017739325,15.215740563410638,0.8498852521301796,58.599710715255384,0.01
10,6,100,2249,5247.2660097283115,33.06920557571067,-0.5377641500280219,34.79730900041908,0.01
10,6,99,2226,2366.0020276261507,28.41017021359568,0.3020947066205419,33.410315316475284,0.01
10,6,95,2136,1150.6141659972454,22.46775962472699,0.6358157325355688,34.79730900041908,0.01
10,6,85,1911,471.9559225821002,15.47433078138851,0.8421200687449459,38.69606836892746,0.01
10,6,75,1687,222.6187114154247,11.14387839727552,0.9160643838715876,43.37869862811044,0.01
15,1,100,2244,716.3006710307715,16.68752828742785,0.7905252291708433,17.556063169364162,0.01
15,1,99,2221,562.8203929568735,15.604583714435384,0.8260292774587682,16.85985967417586,0.01
15,1,95,2131,363.16942817406266,13.215750689148855,0.8724511727525133,17.556063169364162,0.01
15,1,85,1907,160.6003125319964,9.4794001197357,0.9368482189665438,19.471176770006853,0.01
15,1,75,1683,85.11349080624716,7.177272531620408,0.9606140272713932,21.719821988613827,0.01
15,2,100,2244,870.4594732406483,18.00609134471451,0.7454430715375944,18.942728507821887,0.01
15,2,99,2221,642.8317217029129,16.694818844787747,0.8061843306407384,18.191609139917023,0.01
15,2,95,2131,413.7370682524156,14.140418387222924,0.8635349009352979,18.942728507821887,0.01
15,2,85,1907,187.37960750770404,10.193310259343583,0.9287395006648588,21.003455598737276,0.01
15,2,75,1683,96.88697180621578,7.657180478852338,0.9565872424054448,23.423551758378945,0.01
15,4,100,2244,1410.94403324111,21.588381089903343,0.5873839157645424,22.71504924332412,0.01
15,4,99,2221,924.392321310812,19.660407739326903,0.7196716784850294,21.810896386852857,0.01
15,4,95,2131,569.3577433830743,16.462381353984163,0.8200501574655934,22.71504924332412,0.01
15,4,85,1907,256.741115546945,11.820679740738216,0.9103156809531194,25.20730724672112,0.01
15,4,75,1683,130.8690598713367,8.808771082520224,0.947345925590168,28.155091320913453,0.01
15,6,100,2244,6218.079124106758,36.65512381326541,-0.8184133453979014,38.57760599486251,0.01
15,6,99,2221,2697.5467123711437,31.46903782623392,0.1874621382381465,37.03404253911592,0.01
15,6,95,2131,1396.3815016975948,25.279012120301452,0.5446004695885172,38.57760599486251,0.01
15,6,85,1907,611.5559694034433,17.832299694927354,0.77231031171699,42.87026327295429,0.01
15,6,75,1683,297.05067294302955,13.008304925147902,0.8730554202795717,48.00938126098337,0.01
30,1,100,2229,688.9330971164551,16.34330378498018,0.7998213423278897,17.193013434350792,0.01
30,1,99,2206,519.7793054005369,15.19603808763345,0.8420189674827648,16.513184791418652,0.01
30,1,95,2117,335.4971258975911,12.91558694700816,0.8842395435609526,17.193013434350792,0.01
30,1,85,1894,161.33572924246496,9.488348499518336,0.9367883679064032,19.076110383358852,0.01
30,1,75,1672,86.95567031239344,7.204516769132237,0.9609054278478548,21.270144612524085,0.01
30,2,100,2229,733.7715167817837,16.728550478715288,0.7867929442173733,17.598590888550657,0.01
30,2,99,2206,530.7965661409548,15.472808611621543,0.8415843867467211,16.902079757714677,0.01
30,2,95,2117,347.5199159447218,13.212956199173172,0.8825831628131418,17.598590888550657,0.01
30,2,85,1894,171.37006270547366,9.779393587904204,0.9348676783987604,19.529315086032067,0.01
30,2,75,1672,91.62131798628197,7.409428650041636,0.9581384318194148,21.76623816979095,0.01
30,4,100,2229,848.9446952500871,17.592720898396387,0.7533278481694211,18.505624294840487,0.01
30,4,99,2206,592.2557020983264,16.18326407074197,0.8213815991304437,17.77544928992888,0.01
30,4,95,2117,373.8156657123943,13.704056444666104,0.8788582099469748,18.505624294840487,0.01
30,4,85,1894,179.30175393749076,10.08997542734838,0.9317946360770156,20.52465537964177,0.01
30,4,75,1672,98.32201100336566,7.717138730251942,0.9577005819735428,22.870417185893395,0.01
30,6,100,2229,1033.226901999857,18.823492922090153,0.6997822064599073,19.80279275436879,0.01
30,6,99,2206,697.6902138650081,17.219332227324156,0.7894731115765021,19.019172170489973,0.01
30,6,95,2117,434.2623304714437,14.48000421908308,0.8561655392291414,19.80279275436879,0.01
30,6,85,1894,197.62662740100137,10.443991805775036,0.921563237923968,21.985474863017053,0.01
30,6,75,1672,103.9258961793191,7.865748605532164,0.9534589945416584,24.53721273436273,0.01
90,1,100,2169,710.0845921024041,16.928773727308812,0.7991064424526476,17.80695962486023,0.01
90,1,99,2147,544.7647877447462,15.817771406180745,0.8388241060848746,17.101481950443834,0.01
90,1,95,2060,356.3050010150358,13.522744789086955,0.8818082712553686,17.80695962486023,0.01
90,1,85,1843,177.33978982629452,10.073147437146137,0.9329295473601772,19.74752436464024,0.01
90,1,75,1627,97.47124021350233,7.725571599801389,0.959111621238414,21.99742500623096,0.01
90,2,100,2169,720.1416963922003,17.06502899965416,0.7962611371441352,17.9492286394369,0.01
90,2,99,2147,551.6260908390799,15.93412431291942,0.8375956321173593,17.239132924929567,0.01
90,2,95,2060,366.3059073997172,13.667211295222527,0.881047076366213,17.9492286394369,0.01
90,2,85,1843,181.8533306530921,10.153708448274063,0.930010101025774,19.905785491215955,0.01
90,2,75,1627,98.99850647874176,7.756025880965653,0.9590034960552664,22.190199357832142,0.01
90,4,100,2169,731.8065975793588,17.137440743531414,0.7929609620326201,18.02550371536578,0.01
90,4,99,2147,554.0258746591983,15.976866837353016,0.8362348537420756,17.31222000731684,0.01
90,4,95,2060,364.81131728993074,13.691071532039224,0.8814064677186189,18.02550371536578,0.01
90,4,85,1843,183.78150978879592,10.208146771124404,0.929202981801466,19.98734513237836,0.01
90,4,75,1627,99.34773963911866,7.7904891451980065,0.9589429256013632,22.26749747547021,0.01
90,6,100,2169,736.865772861065,16.942307414610468,0.7915296456346845,17.820110353636426,0.01
90,6,99,2147,554.7558172157118,15.770924832363562,0.8368638830808948,17.115080119401572,0.01
90,6,95,2060,356.8273820666076,13.419423009750538,0.8835715679241701,17.820110353636426,0.01
90,6,85,1843,176.45727750943772,9.933438419501153,0.9335167591379352,19.772143528427375,0.01
90,6,75,1627,93.32643364625734,7.520767013151123,0.9622478293666312,22.042954598238467,0.01
7,1,100,2252,1000.4666829263856,19.210027010648304,0.7064392725717947,20.206729358910135,0.1
7,1,99,2229,775.6220869025708,17.895047369185857,0.7661369274054317,19.40780423749248,0.1
7,1,95,2139,465.6806418099431,14.898792726679082,0.8452831421002172,20.206729358910135,0.1
7,1,85,1914,207.3074736663907,10.674757987814449,0.9216316886763168,22.43122809491197,0.1
7,1,75,1689,107.40552077637064,8.002703112480962,0.9515066397012844,25.04888834289403,0.1
7,2,100,2252,3894.060532458608,27.597746599524967,-0.1426100059767068,29.03625092191738,0.1
7,2,99,2229,1476.1076438784671,23.683182123488272,0.5591616252689597,27.88193774169973,0.1
7,2,95,2139,807.0714184708281,19.26981132357116,0.7371271364957785,29.03625092191738,0.1
7,2,85,1914,344.4101863460244,13.577505178035633,0.8732465209946033,32.26163989456111,0.1
7,2,75,1689,175.09802233229442,10.06904940476486,0.931396884005974,36.122123584055984,0.1
7,4,100,2252,3817.17976122698,27.604047450034656,-0.120051358584289,29.045757349610696,0.1
7,4,99,2229,1570.9791785427565,23.672757499098353,0.5322657662002293,27.888182931770498,0.1
7,4,95,2139,817.9275773464501,18.93814903007214,0.7414950436581952,29.045757349610696,0.1
7,4,85,1914,332.5269990454091,13.038087398291598,0.8835727683929022,32.3032246583523,0.1
7,4,75,1689,158.56201891002289,9.4293699615218,0.938406033927262,36.22435078402029,0.1
7,6,100,2252,796.1315123001777,16.330803730017763,0.7663960730848706,17.177934579439253,0.1
7,6,99,2229,592.9755878869448,15.062359802602064,0.8190591011016984,16.499300134589504,0.1
7,6,95,2139,348.7560739130435,12.3622487143525,0.8888370965369763,17.177934579439253,0.1
7,6,85,1914,138.96889273772206,8.48014106583072,0.9511315476120376,19.093994778067884,0.1
7,6,75,1689,65.14455660153936,6.139911190053286,0.973245006086744,21.37719952634695,0.1
10,1,100,2249,780.4685820166203,17.17099395620819,0.7712758218426008,18.064557274424352,0.1
10,1,99,2226,613.9794021041783,16.031277958442047,0.8109243865589517,17.347798507613852,0.1
10,1,95,2136,380.6209822835277,13.440725855598233,0.8728507085440842,18.064557274424352,0.1
10,1,85,1911,170.5300558806248,9.622866442438855,0.9333155680959948,20.051837465272445,0.1
10,1,75,1687,84.49921097833226,7.128781226317342,0.962886739992224,22.382046867608164,0.1
10,2,100,2249,1059.5638169208742,19.256994085434968,0.6894841524506323,20.26006691985404,0.1
10,2,99,2226,781.3734422247378,17.78706900348064,0.7625646063775448,19.455376942416315,0.1
10,2,95,2136,463.9055186562001,14.735676196800355,0.8492026706500699,20.26006691985404,0.1
10,2,85,1911,204.00472669094296,10.485362822149218,0.9257195406744732,22.479014353524843,0.1
10,2,75,1687,100.75276065188775,7.750823803223069,0.955291111889348,25.084332844738412,0.1
10,4,100,2249,11908.02136798934,44.32651699583977,-2.489765589072886,46.64602651603594,0.1
10,4,99,2226,4155.590614743836,36.378121038933294,-0.2440787731583698,44.78374311586014,0.1
10,4,95,2136,1675.8550861793397,28.045353329144884,0.4485170067933347,46.64602651603594,0.1
10,4,85,1911,744.7981973535897,20.032835636892077,0.7291983865969995,51.873186132458294,0.1
10,4,75,1687,379.01033543852975,14.889594569948205,0.8546367525393178,58.101410641876505,0.1
10,6,100,2249,3559.4745569100032,27.441287572967873,-0.0431398668192335,28.873620681466615,0.1
10,6,99,2226,1474.144626281094,23.817637569089044,0.5602028574562552,27.724294725373426,0.1
10,6,95,2136,843.0439928662388,19.5182404102557,0.7336633182936743,28.873620681466615,0.1
10,6,85,1911,349.7309012785565,13.60104507653745,0.8806698414516773,32.085483458903056,0.1
10,6,75,1687,168.42517907939728,9.954485352406806,0.9386698386875768,35.91595752940833,0.1
15,1,100,2244,716.2891392100769,16.688251538119324,0.7905286015333091,17.55660703052945,0.1
15,1,99,2221,562.8111213440523,15.605326623823755,0.8260321433627081,16.86057159979863,0.1
15,1,95,2131,363.1645499221891,13.216563538532975,0.8724528860445946,17.55660703052945,0.1
15,1,85,1907,160.6035041753873,9.48041897473223,0.9368469639380737,19.47151374083809,0.1
15,1,75,1683,85.12091059702844,7.178479901325663,0.9606105937889384,21.719871673525276,0.1
15,2,100,2244,870.2827730797778,18.001421491386353,0.745494745683942,18.937641441769433,0.1
15,2,99,2221,642.6857422343236,16.690198549214838,0.8062283438831813,18.18690589711832,0.1
15,2,95,2131,413.64310908753737,14.13598976426565,0.8635658919866855,18.937641441769433,0.1
15,2,85,1907,187.29399658086913,10.18857355456126,0.9287720585161422,20.998536182081995,0.1
15,2,75,1683,96.82322643365298,7.652400244346826,0.956615805197276,23.41894589645653,0.1
15,4,100,2244,1409.8128442804025,21.559492030743417,0.5877147203524645,22.685323355587595,0.1
15,4,99,2221,923.4127809255432,19.63156260184211,0.7199687308357772,21.78190640490281,0.1
15,4,95,2131,568.6131076641549,16.43354958369477,0.8202855052445993,22.685323355587595,0.1
15,4,85,1907,256.10065678954294,11.790029865337708,0.9105394047903118,25.177178854338628,0.1
15,4,75,1683,130.26754068805602,8.775903903223927,0.9475810702291888,28.124440589343088,0.1
15,6,100,2244,6173.921929130953,36.40763923336895,-0.805500027468568,38.31873492945891,0.1
15,6,99,2221,2677.5739052531612,31.234523694044945,0.1934782201523546,36.78420724990544,0.1
15,6,95,2131,1382.8312735248785,25.053161098728538,0.5437957015172742,38.31873492945891,0.1
15,6,85,1907,601.6530865751182,17.60797907428412,0.7756227024187876,42.58989852290139,0.1
15,6,75,1683,290.29415664276104,12.796544586718234,0.8759652715398535,47.709765862942405,0.1
30,1,100,2229,688.9542140738599,16.34470505517757,0.7998152065155661,17.194373135239932,0.1
30,1,99,2206,519.7988456859847,15.197444054476229,0.842013028434329,16.514604675499,0.1
30,1,95,2117,335.51691502419806,12.917046151589242,0.8842327154895573,17.194373135239932,0.1
30,1,85,1894,161.35807329254718,9.489981668056004,0.93677961346695,19.077637661569373,0.1
30,1,75,1672,86.9787461907742,7.206320250714412,0.9608950531179596,21.27153684679156,0.1
30,2,100,2229,733.7295534931675,16.72773008764998,0.7868051372079872,17.59772391747367,0.1
30,2,99,2206,530.7633313662548,15.47200204850098,0.8415943056262906,16.90133117861582,0.1
30,2,95,2117,347.4913718447145,13.212163646709964,0.8825928070314712,17.59772391747367,0.1
30,2,85,1894,171.3470784220977,9.778616953763596,0.9348764139953576,19.52838135661674,0.1
30,2,75,1672,91.60535963078038,7.408754581786299,0.9581457231551168,21.76548083996475,0.1
30,4,100,2229,848.7147344129152,17.584985196544963,0.7533946663436312,18.498041310335836,0.1
30,4,99,2206,592.0737679594873,16.17557426993446,0.8214364686485047,17.767712433426013,0.1
30,4,95,2117,373.6611535410024,13.696286546417284,0.8789082824365579,18.498041310335836,0.1
30,4,85,1894,179.15282612510083,10.081565209960573,0.931851287366918,20.51673198219268,0.1
30,4,75,1672,98.1976135897996,7.708436725714724,0.9577540993715712,22.862845844922784,0.1
30,6,100,2229,1032.5726903846196,18.807377801428633,0.6999722963300558,19.78580207762404,0.1
30,6,99,2206,697.184075447615,17.203426285058033,0.7896258380215744,19.002850910233036,0.1
30,6,95,2117,433.82583691105145,14.46395821386037,0.8563101127080817,19.78580207762404,0.1
30,6,85,1894,197.24914749281064,10.42721739687857,0.9217130573189382,21.968060305181147,0.1
30,6,75,1672,103.63626025056658,7.848992078690907,0.9535887018411532,24.5179465230229,0.1
90,1,100,2169,710.1056232495197,16.930058099812204,0.7991004924263968,17.808352278245096,0.1
90,1,99,2147,544.7882516447465,15.819077724987771,0.8388171639785887,17.102824695242766,0.1
90,1,95,2060,356.3353173361907,13.524147502296175,0.8817982148755922,17.808352278245096,0.1
90,1,85,1843,177.36830880131288,10.074642095019708,0.932918761396321,19.748854132754474,0.1
90,1,75,1627,97.49374542911151,7.727077603351358,0.9591021804866812,21.998660208559844,0.1
90,2,100,2169,720.1309798680448,17.06541373020571,0.7962641690091918,17.949467766730514,0.1
90,2,99,2147,551.6221247206571,15.93453806311154,0.8375967997832223,17.239524490402495,0.1
90,2,95,2060,366.3122954360351,13.667711779236196,0.8810450019372156,17.949467766730514,0.1
90,2,85,1843,181.8612355762208,10.15426457009953,0.9300070586576789,19.906039930009765,0.1
90,2,75,1627,99.00375089610982,7.756595079160924,0.9589986973644096,22.190217047535572,0.1
90,4,100,2169,731.7387947341815,17.13538681859145,0.7929801444721929,18.023493128208266,0.1
90,4,99,2147,553.9759687346551,15.9748551579063,0.8362496054917785,17.310231255150317,0.1
90,4,95,2060,364.7735040312883,13.689060393679169,0.8814187601221078,18.023493128208266,0.1
90,4,85,1843,183.7545222846275,10.206055045517529,0.9292133780313476,19.98560234728704,0.1
90,4,75,1627,99.32949527886132,7.788323360645023,0.9589504653809208,22.265879689707305,0.1
90,6,100,2169,736.7766402499525,16.93938112345145,0.791554862584241,17.8170202953438,0.1
90,6,99,2147,554.6747792743874,15.767993537343964,0.8368877137729948,17.112093519929875,0.1
90,6,95,2060,356.76176196092115,13.416490126919948,0.8835929789660399,17.8170202953438,0.1
90,6,85,1843,176.40326224757686,9.93036490869348,0.9335371102944032,19.7686447814072,0.1
90,6,75,1627,93.2773610485246,7.517515660023478,0.9622676800885612,22.040090359106117,0.1
7,1,100,2252,996.3779483800622,19.13445870834747,0.7076390045650367,20.129663101379588,1.0
7,1,99,2229,772.8535126981375,17.822896182402644,0.7669716989792281,19.33138726446859,1.0
7,1,95,2139,463.6838084915479,14.828617866401036,0.8459465662347719,20.129663101379588,1.0
7,1,85,1914,205.39887700197863,10.599916714809192,0.9223531942493802,22.346210043167233,1.0
7,1,75,1689,105.7616614271714,7.926506916069461,0.9518763122585364,24.959252034023255,1.0
7,2,100,2252,3454.4614820295983,26.99332198860816,-0.0136211858360728,28.403360049695777,1.0
7,2,99,2229,1451.5065605266443,23.269277127597835,0.566516081136238,27.271288886085728,1.0
7,2,95,2139,785.1526909659269,18.85462061747142,0.7440980846810532,28.403360049695777,1.0
7,2,85,1914,328.41776091789785,13.175667951373546,0.8791588891067132,31.569793483506768,1.0
7,2,75,1689,163.76863302693084,9.700604876164071,0.935321772048862,35.35586982798518,1.0
7,4,100,2252,2883.781044293124,25.0946682991652,0.1538300319705405,26.405845576805685,1.0
7,4,99,2229,1296.3823670065365,21.82071647751112,0.6149975202585317,25.353070042826985,1.0
7,4,95,2139,713.0860773927791,17.673706480630162,0.7757328423690488,26.405845576805685,1.0
7,4,85,1914,289.3057981119143,12.154137137831254,0.8964688785231203,29.366860479188613,1.0
7,4,75,1689,134.67763939610114,8.749745743505287,0.9469285690422056,32.91277641118484,1.0
7,6,100,2252,796.1315123001777,16.330803730017763,0.7663960730848706,17.177934579439253,1.0
7,6,99,2229,592.9755878869448,15.062359802602064,0.8190591011016984,16.499300134589504,1.0
7,6,95,2139,348.7560739130435,12.3622487143525,0.8888370965369763,17.177934579439253,1.0
7,6,85,1914,138.96889273772206,8.48014106583072,0.9511315476120376,19.093994778067884,1.0
7,6,75,1689,65.14455660153936,6.139911190053286,0.973245006086744,21.37719952634695,1.0
10,1,100,2249,779.7180295932493,17.154674223431424,0.7714957787891776,18.048176914903724,1.0
10,1,99,2226,613.2614565110704,16.014946344340558,0.8111454786720893,17.331460643028635,1.0
10,1,95,2136,380.0777784670915,13.425113518455218,0.8730321698496635,18.048176914903724,1.0
10,1,85,1911,170.05060004005367,9.60687707341586,0.9335030555168278,20.03404031612573,1.0
10,1,75,1687,84.24369110950356,7.115652936856686,0.9628617344783212,22.36269912061097,1.0
10,2,100,2249,1055.6304645456776,19.17354058503028,0.6906368609774711,20.172893667759464,1.0
10,2,99,2226,778.1072654267142,17.704858401303348,0.7635570972043013,19.37098512105925,1.0
10,2,95,2136,461.5921286177658,14.65609191596196,0.8500006821669127,20.172893667759464,1.0
10,2,85,1911,202.1254610419915,10.40334266789975,0.9264038028377232,22.38763021194466,1.0
10,2,75,1687,99.21439657681876,7.668024460236968,0.955807425350944,24.990225382468555,1.0
10,4,100,2249,10914.218663596248,41.88192584066284,-2.198521697838235,44.07610567577441,1.0
10,4,99,2226,3845.908271253345,34.34974520967239,-0.1522630504337623,42.31390663212788,1.0
10,4,95,2136,1553.2801906859083,26.311784882285696,0.4899018630980598,44.07610567577441,1.0
10,4,85,1911,663.1552306352763,18.37266933774354,0.7587328031077196,49.07103505337785,1.0
10,4,75,1687,315.23982647648313,13.262003419560129,0.8776327131104342,55.06679122017995,1.0
10,6,100,2249,2951.906562882894,25.423235281404143,0.1349140527242324,26.7485948562123,1.0
10,6,99,2226,1241.8500039068697,22.332993110949815,0.6281556030585385,25.685180566500815,1.0
10,6,95,2136,755.3076785172155,18.577439031483,0.7560085956461491,26.7485948562123,1.0
10,6,85,1911,323.73978144279863,13.054247927958368,0.8860289302910971,29.724356066995515,1.0
10,6,75,1687,156.87523456973696,9.553247972352471,0.9408318729330272,33.2671075594939,1.0
15,1,100,2244,716.2160067302235,16.69839090728058,0.7905499883755627,17.566826381746345,1.0
15,1,99,2221,562.761010430433,15.615692682534643,0.8260476329077897,16.87073173137605,1.0
15,1,95,2131,363.1594925902347,13.227753036072482,0.8724546622314368,17.566826381746345,1.0
15,1,85,1907,160.68289969082062,9.494028079957696,0.9368157437733888,19.47912259345926,1.0
15,1,75,1683,85.24788967640302,7.1944487423907715,0.9605518346602742,21.724819927372565,1.0
15,2,100,2244,868.6507965999144,17.967190305076585,0.7459720004359529,18.901398055929732,1.0
15,2,99,2221,641.3780490418171,16.656655822382973,0.8066226172565469,18.152395579486903,1.0
15,2,95,2131,412.808428623847,14.104565711447222,0.8638262172643754,18.901398055929732,1.0
15,2,85,1907,186.61155199527897,10.15615324849941,0.9289906734320316,20.96155860515626,1.0
15,2,75,1683,96.29655399156226,7.619894523336735,0.9567044722505924,23.381228443419317,1.0
15,4,100,2244,1399.7749578361274,21.352526489777915,0.5906501970978623,22.467323312712416,1.0
15,4,99,2221,915.0115438791164,19.42598987640463,0.7225164636820804,21.572849709546325,1.0
15,4,95,2131,562.576551967883,16.23162998027793,0.8221934045567958,22.467323312712416,1.0
15,4,85,1907,251.17129188534304,11.579334495774049,0.9122651512057656,24.950883637249422,1.0
15,4,75,1683,125.81136950538826,8.55397429345174,0.949107748357324,27.897103315062697,1.0
15,6,100,2244,5824.394938719149,35.03979125387574,-0.7032844507195517,36.879150850729246,1.0
15,6,99,2221,2553.770414262147,30.002986033891993,0.2308857205399185,35.40199197825359,1.0
15,6,95,2131,1316.534794459204,23.93348173536628,0.5629426202514439,36.879150850729246,1.0
15,6,85,1907,555.4780351879547,16.513813604059447,0.7910614150247276,41.01836437854837,1.0
15,6,75,1683,253.57093571314184,11.70414535941698,0.8893704240578261,46.024563496736526,1.0
30,1,100,2229,689.1856288893301,16.36028331737029,0.7997479658686584,17.21000515678597,1.0
30,1,99,2206,520.0146890450523,15.21308560582682,0.8419474252901231,16.53023796972178,1.0
30,1,95,2117,335.7360205154756,12.933286583667266,0.8841571149859442,17.21000515678597,1.0
30,1,85,1894,161.6015674130743,9.508106575888686,0.9366727059289912,19.094349582511366,1.0
30,1,75,1672,87.23398311081249,7.2264183112251805,0.9607803006452288,21.286720850982743,1.0
30,2,100,2229,733.363655095052,16.723864342621905,0.7869114538452422,17.594960358273656,1.0
30,2,99,2206,530.4997179506653,15.468366978726682,0.8416729807413088,16.897672631947376,1.0
30,2,95,2117,347.30047934180504,13.209031153899442,0.8826573040369835,17.594960358273656,1.0
30,2,85,1894,171.21462580699082,9.776109131055769,0.9347588591733323,19.523622274037105,1.0
30,2,75,1672,91.56219266504574,7.408134326542188,0.9581833182261764,21.761076105139875,1.0
30,4,100,2229,846.7672944453145,17.544079095359738,0.7539605208805129,18.45398613066957,1.0
30,4,99,2206,590.6003395827677,16.135454842435152,0.8211965131368311,17.726181011898365,1.0
30,4,95,2117,372.50489309231824,13.657093221210555,0.8792829897411707,18.45398613066957,1.0
30,4,85,1894,178.0767059958044,10.040248120165268,0.93233787872428,20.467752192307728,1.0
30,4,75,1672,97.38507773634478,7.669266669463457,0.9579707483203728,22.809051782588043,1.0
30,6,100,2229,1026.8769217473648,18.695106308247652,0.7016272775248754,19.669629963665603,1.0
30,6,99,2206,692.9260257000238,17.09361558893918,0.7909106976144112,18.88947083819128,1.0
30,6,95,2117,430.26827638171915,14.35464005611905,0.8576837938814332,19.669629963665603,1.0
30,6,85,1894,194.35660912794756,10.316544833382904,0.922838310656968,21.8452526165048,1.0
30,6,75,1672,101.72062120826288,7.746689175435816,0.9544274366019232,24.378088698290735,1.0
90,1,100,2169,710.3314212443504,16.944103596318143,0.799036610794584,17.822939602611672,1.0
90,1,99,2147,545.0385169331823,15.833354998909408,0.8387431196708673,17.116997979010186,1.0
90,1,95,2060,356.6547183688094,13.539439994739258,0.8816922647483122,17.822939602611672,1.0
90,1,85,1843,177.6714412401032,10.091003021190463,0.9328041157778764,19.7634066464581,1.0
90,1,75,1627,97.7380233311152,7.743732520656952,0.9587787336228676,22.011897542181803,1.0
90,2,100,2169,720.0722462681966,17.069503989055427,0.7962807856235394,17.953315419095958,1.0
90,2,99,2147,551.5969055759009,15.938819979653042,0.8376042245575952,17.243494744950716,1.0
90,2,95,2060,366.4027128967749,13.672943475382723,0.8810156400812222,17.953315419095958,1.0
90,2,85,1843,181.9781644246737,10.160201253018627,0.9299620562468842,19.91041254531171,1.0
90,2,75,1627,99.07893459131218,7.762310045441765,0.9590048893369898,22.192069374057308,1.0
90,4,100,2169,731.1892926512852,17.125227089811766,0.7931356068347628,18.013892791819327,1.0
90,4,99,2147,553.6025288290473,15.965215002927591,0.8363599910234977,17.3000592312558,1.0
90,4,95,2060,364.52126716871993,13.679816405615991,0.8807984903607042,18.013892791819327,1.0
90,4,85,1843,183.61299251885748,10.197119447587417,0.9294622558929848,19.97638624381727,1.0
90,4,75,1627,99.28550781942968,7.78011740436119,0.9589387478108128,22.258189188911658,1.0
90,6,100,2169,736.0509154864847,16.916736987086512,0.7917601809803234,17.793771814827206,1.0
90,6,99,2147,554.0393193437711,15.745405706446356,0.8370745824137937,17.0892965612214,1.0
90,6,95,2060,356.2895926281279,13.394181317138385,0.8840094043885397,17.793771814827206,1.0
90,6,85,1843,176.09136425733993,9.907747992380893,0.9336606831984402,19.74604450108535,1.0
90,6,75,1627,93.01282996035172,7.493554382816469,0.962443273057436,22.023628014650324,1.0
7,1,100,2252,970.2763769761189,18.855394684834792,0.7152978266119121,19.835092894312343,10.0
7,1,99,2229,754.4406415330362,17.564784428082994,0.7721582046151088,19.04939906928148,10.0
7,1,95,2139,455.4166976584477,14.61984331420002,0.8482484669081196,19.835092894312343,10.0
7,1,85,1914,198.68351346000503,10.390433972945692,0.9249795992268324,22.021372846278,10.0
7,1,75,1689,100.93517257270408,7.736514138266345,0.954039362700507,24.60021757501406,10.0
7,2,100,2252,2477.0741357043926,24.787050158482135,0.2731675151400521,26.078793029857536,10.0
7,2,99,2229,1305.1268750836148,21.76576187273761,0.6084882833089214,25.04222462903059,10.0
7,2,95,2139,705.2378075138986,17.54700615492866,0.7701913957045201,26.078793029857536,10.0
7,2,85,1914,284.3729672498854,12.059478063886749,0.8936033187281678,28.988024595353735,10.0
7,2,75,1689,134.19195138166185,8.699780654418834,0.9462087917767106,32.482090091055035,10.0
7,4,100,2252,2797.8703251053585,24.350613412332073,0.1790382809297878,25.620727610209094,10.0
7,4,99,2229,1252.306122321975,20.980124716342957,0.6271854468555813,24.601510884443172,10.0
7,4,95,2139,671.9262047046794,16.827487926504375,0.7884865957002738,25.620727610209094,10.0
7,4,85,1914,257.20067880134246,11.320916816611206,0.907400910822698,28.486218451934064,10.0
7,4,75,1689,113.074537536691,8.005053382234527,0.9544419051989956,31.929049111935385,10.0
7,6,100,2252,796.1315123001777,16.330803730017763,0.7663960730848706,17.177934579439253,10.0
7,6,99,2229,592.9755878869448,15.062359802602064,0.8190591011016984,16.499300134589504,10.0
7,6,95,2139,348.7560739130435,12.3622487143525,0.8888370965369763,17.177934579439253,10.0
7,6,85,1914,138.96889273772206,8.48014106583072,0.9511315476120376,19.093994778067884,10.0
7,6,75,1689,65.14455660153936,6.139911190053286,0.973245006086744,21.37719952634695,10.0
10,1,100,2249,775.5980832448911,17.13152375583127,0.7727031705590628,18.022940269827757,10.0
10,1,99,2226,609.5030030479741,15.993135324567296,0.8123028984351778,17.308007673535567,10.0
10,1,95,2136,377.9138941168548,13.414483837120082,0.8739089487084684,18.022940269827757,10.0
10,1,85,1911,168.61828830709177,9.60599680943729,0.9342411059430796,20.001344759535385,10.0
10,1,75,1687,84.39882860406517,7.147234075614682,0.9626515037019628,22.31295043477419,10.0
10,2,100,2249,1023.1729933007084,18.783407807919858,0.700148849809092,19.760740730143297,10.0
10,2,99,2226,752.0223715134363,17.33089095414297,0.7691984543292245,18.976826019766285,10.0
10,2,95,2136,446.0831756351288,14.333742000037864,0.8548044926365931,19.760740730143297,10.0
10,2,85,1911,193.74462546596615,10.12757434778348,0.9291246898965496,21.94283935939254,10.0
10,2,75,1687,94.41268373827174,7.432017898888438,0.9582482684357474,24.518635695763617,10.0
10,4,100,2249,6848.278476094442,33.9318184894522,-1.0069569772948936,35.70968931344247,10.0
10,4,99,2226,2531.4310707110862,28.089450821954458,0.2283262042999242,34.28194028979529,10.0
10,4,95,2136,1133.8945997424985,21.62873884898357,0.6190581494287168,35.70968931344247,10.0
10,4,85,1911,448.3738831096546,14.502584313966612,0.8376771769183555,39.744198788095154,10.0
10,4,75,1687,189.53818704486463,9.990219880395133,0.9253546923799734,44.62135144093026,10.0
10,6,100,2249,2235.4251397969715,23.70386655349549,0.3448861495342507,24.937272827571142,10.0
10,6,99,2226,1154.9879793916307,21.146793980813825,0.6541597140313726,23.94804105597512,10.0
10,6,95,2136,694.6917843476699,17.456991666769145,0.775249182011611,24.937272827571142,10.0
10,6,85,1911,278.0330211828619,11.970687727585911,0.9021594606181782,27.698981304039417,10.0
10,6,75,1687,128.5858832874314,8.629874729840415,0.9513925078746548,30.996042090701884,10.0
15,1,100,2244,716.4901188641252,16.763989899539535,0.7904698270986676,17.63820174231406,10.0
15,1,99,2221,563.2740127205147,15.683187891278132,0.825889061221,16.937200196497653,10.0
15,1,95,2131,363.76140218928583,13.299403516025611,0.8721340384483159,17.63820174231406,10.0
15,1,85,1907,162.1687215183618,9.584460538688512,0.936111706829698,19.56003786799614,10.0
15,1,75,1683,87.07202201729028,7.2987510967020865,0.9596451349334776,21.80514748541856,10.0
15,2,100,2244,856.4383107144776,17.820691752660693,0.7495434164426207,18.749010811471265,10.0
15,2,99,2221,632.1824937630133,16.51803906797085,0.8093076332120801,18.004513922256738,10.0
15,2,95,2131,406.3960614060663,13.981540577209069,0.8659770534311506,18.749010811471265,10.0
15,2,85,1907,183.49947621764727,10.0618185964728,0.9296732720401992,20.79465593217272,10.0
15,2,75,1683,94.76790026129756,7.547382070134784,0.9573457227334644,23.201614795349737,10.0
15,4,100,2244,1337.8064466965563,20.67561474093188,0.6087722514174625,21.757212278345545,10.0
15,4,99,2221,869.0744720121039,18.7768267479756,0.7364471962886989,20.88920670502065,10.0
15,4,95,2131,531.279335024185,15.639309614246017,0.8319056702108638,21.757212278345545,10.0
15,4,85,1907,232.5931348360788,11.05639781716939,0.9174306072472356,24.157618013443777,10.0
15,4,75,1683,113.47710895239138,8.090323487513466,0.950907985062881,27.012381550636267,10.0
15,6,100,2244,4170.350026699221,30.370073224592087,-0.2195760124907921,31.963673991116288,10.0
15,6,99,2221,2005.7692299294677,26.28584777819713,0.3934703427776612,30.68406737454094,10.0
15,6,95,2131,1050.363005397021,20.97182521337533,0.6451301164808924,31.963673991116288,10.0
15,6,85,1907,423.0110132392874,14.182547477020014,0.8387721665709607,35.553080176869145,10.0
15,6,75,1683,185.5227957614889,9.872111277689642,0.9201130896636928,39.90837440312783,10.0
30,1,100,2229,692.4779286135278,16.539348499583962,0.7987913444750825,17.398523285026627,10.0
30,1,99,2206,523.15989092593,15.393026426167983,0.8409914768030371,16.711154053712228,10.0
30,1,95,2117,338.9467669785924,13.120205229850734,0.8830492739721469,17.398523285026627,10.0
30,1,85,1894,164.99036610520938,9.714604195342387,0.9353649293902998,19.29179999185394,10.0
30,1,75,1672,90.77532351056192,7.45393139216552,0.959145723544146,21.476356460134458,10.0
30,2,100,2229,732.6837625129087,16.829891295964142,0.7871090056612666,17.70471144675298,10.0
30,2,99,2206,530.8415054499541,15.578139784662996,0.8415709746626038,17.00460563941402,10.0
30,2,95,2117,348.3652888198644,13.329233963801691,0.8822642183663431,17.70471144675298,10.0
30,2,85,1894,172.9176099904917,9.917269673019437,0.9342667631618083,19.632234175411615,10.0
30,2,75,1672,93.80340657107348,7.57401338852229,0.9573586610360096,21.85360168663519,10.0
30,4,100,2229,835.4359821651801,17.495154136288733,0.7572529840984868,18.404232644484953,10.0
30,4,99,2206,583.9134887550385,16.09756148223622,0.8232209485527953,17.676844032871937,10.0
30,4,95,2117,368.4063821266972,13.636855477555736,0.8805400553755605,18.404232644484953,10.0
30,4,85,1894,176.42916823179294,10.05022879442746,0.9330100543354756,20.406724166983228,10.0
30,4,75,1672,97.12791617315266,7.71053772258588,0.9581359254884342,22.720964497920303,10.0
30,6,100,2229,989.936596920382,18.383231328879344,0.7123607793246693,19.339985068302152,10.0
30,6,99,2206,669.530699533898,16.812289182082964,0.7971735785705836,18.57440194183876,10.0
30,6,95,2117,413.92532006465007,14.10779113209397,0.8631080140053059,19.339985068302152,10.0
30,6,85,1894,185.02689960262765,10.135605794752694,0.9262594445139962,21.44979166326351,10.0
30,6,75,1672,97.14914879594258,7.643371470579731,0.9563155347332144,23.912781316066727,10.0
90,1,100,2169,713.6150198752348,17.113424853909283,0.7981076316027347,18.00070912280126,10.0
90,1,99,2147,548.5754055250015,16.005289819402602,0.8376966842306756,17.28806768748452,10.0
90,1,95,2060,360.912988880689,13.722682853756757,0.8802458056698754,18.00070912280126,10.0
90,1,85,1843,181.87785800792665,10.288530849327705,0.9312736955825426,19.95457200941824,10.0
90,1,75,1627,101.3523050366927,7.946208857044781,0.957635598520926,22.2051031977259,10.0
90,2,100,2169,721.9239240874381,17.21308556205294,0.7957569182580505,18.108016038004163,10.0
90,2,99,2147,553.7785666956001,16.085240295430125,0.836961921191306,17.389073256433313,10.0
90,2,95,2060,369.8078531838852,13.83301555592326,0.8799038615290662,18.108016038004163,10.0
90,2,85,1843,185.76953526876036,10.338159084897397,0.9285126526776404,20.077505043085388,10.0
90,2,75,1627,102.44043361606154,7.947000143247549,0.9577205278900645,22.35768894688827,10.0
90,4,100,2169,729.9186401798631,17.23718040326181,0.7934950934342881,18.1302424768552,10.0
90,4,99,2147,553.8688300432107,16.083750162308664,0.8362812747409542,17.413089106260358,10.0
90,4,95,2060,366.05893285942807,13.810622020141947,0.8802990950221258,18.1302424768552,10.0
90,4,85,1843,186.5332135321421,10.355448404803523,0.928512093082014,20.103720397620965,10.0
90,4,75,1627,102.32299388985363,7.952949687556582,0.95783115766486,22.380219841389916,10.0
90,6,100,2169,733.3372367130479,16.988570592754492,0.7925279213156295,17.871982573031428,10.0
90,6,99,2147,552.1622933343551,15.820388631946363,0.8376374871522565,17.161974841202678,10.0
90,6,95,2060,356.33764922729995,13.484777890950818,0.8836927595863867,17.871982573031428,10.0
90,6,85,1843,177.8994883478422,10.026703868143017,0.9327298247730876,19.826621920476708,10.0
90,6,75,1627,95.11651726208773,7.627292915490159,0.961472085062623,22.093891667816855,10.0
7,1,100,2252,869.044446716306,18.141844522972622,0.7450016834151263,19.083288668473223,100.0
7,1,99,2229,683.9089061831395,16.941329099445653,0.791555457019166,18.32845670972562,100.0
7,1,95,2139,414.46343035071465,14.16467484033142,0.8610557325274911,19.083288668473223,100.0
7,1,85,1914,189.66872596599103,10.240013313600643,0.9271166987861552,21.177314979091324,100.0
7,1,75,1689,98.72677855774336,7.696322654499069,0.9538689418242696,23.63194063262104,100.0
7,2,100,2252,1371.7810566230835,20.78172437772059,0.5974868011830282,21.859897650922683,100.0
7,2,99,2229,912.4938239008516,18.857586015657127,0.7203982148992912,20.99566394806468,100.0
7,2,95,2139,525.6696131871495,15.4855944040016,0.8236634637324454,21.859897650922683,100.0
7,2,85,1914,219.8247615769336,10.847698749069446,0.9179730525975438,24.262041273177275,100.0
7,2,75,1689,108.58875674082294,7.998565533669054,0.9536203488952604,27.123832978514223,100.0
7,4,100,2252,1579.6122939827117,20.797165286434637,0.5365041715135046,21.87849279322317,100.0
7,4,99,2229,923.9976528335662,18.546989044597023,0.7189531233175084,21.011328045659855,100.0
7,4,95,2139,510.5046687019986,15.05306890879404,0.8354935380320919,21.87849279322317,100.0
7,4,85,1914,199.46660915510384,10.341778802572229,0.926739211464914,24.292929883022655,100.0
7,4,75,1689,96.02799214606574,7.600504156786946,0.9609598969971604,27.16536736296151,100.0
7,6,100,2252,796.1315123001777,16.330803730017763,0.7663960730848706,17.177934579439253,100.0
7,6,99,2229,592.9755878869448,15.062359802602064,0.8190591011016984,16.499300134589504,100.0
7,6,95,2139,348.7560739130435,12.3622487143525,0.8888370965369763,17.177934579439253,100.0
7,6,85,1914,138.96889273772206,8.48014106583072,0.9511315476120376,19.093994778067884,100.0
7,6,75,1689,65.14455660153936,6.139911190053286,0.973245006086744,21.37719952634695,100.0
10,1,100,2249,767.9041036359456,17.230806812820312,0.7749579687705024,18.124667099973728,100.0
10,1,99,2226,603.0688481241561,16.098099756719378,0.8169850966590295,17.40805987620142,100.0
10,1,95,2136,374.4991393789024,13.550697626119804,0.8728793443193369,18.124667099973728,100.0
10,1,85,1911,173.40231481596757,9.846688544316036,0.9332150251228034,20.102313797976485,100.0
10,1,75,1687,89.90395690070113,7.415075134514142,0.9601121606842296,22.41196579380193,100.0
10,2,100,2249,902.2010961634746,17.9657760826656,0.7356008825883769,18.899059276195597,100.0
10,2,99,2226,667.0810603851853,16.61812627668928,0.7974214845953453,18.15080839755846,100.0
10,2,95,2136,398.29045562194256,13.828150951005082,0.8674636943133576,18.899059276195597,100.0
10,2,85,1911,178.52000591709293,9.940468082155052,0.928446584628874,20.974996508837098,100.0
10,2,75,1687,92.24254073785052,7.463501806434479,0.959552804109741,23.40795438923609,100.0
10,4,100,2249,1610.5008226256243,21.84913723854135,0.5280265143728528,22.98842585947652,100.0
10,4,99,2226,1023.4981351927164,19.706162793660923,0.6888779373944723,22.064459478290456,100.0
10,4,95,2136,577.2550188242388,16.07399572553334,0.8079884716111599,22.98842585947652,100.0
10,4,85,1911,237.02480168806193,11.134315229964349,0.913943617149204,25.54735712517972,100.0
10,4,75,1687,113.83254576987726,8.124059629320245,0.950262759605852,28.5719784441446,100.0
10,6,100,2249,1321.2321570741508,20.66519993878592,0.6127996100738907,21.7403932495465,100.0
10,6,99,2226,902.5519834515663,18.84564712779346,0.727069933433566,20.878152107357067,100.0
10,6,95,2136,519.1135097836485,15.484878365219448,0.8326930004377919,21.7403932495465,100.0
10,6,85,1911,216.84073964396885,10.874155183369576,0.9220758900661712,24.124871922407117,100.0
10,6,75,1687,107.59637583317658,8.08130645179885,0.9572460738699816,26.940666856072813,100.0
15,1,100,2244,732.3448200667665,17.156942707492362,0.7858332826484038,18.049195697217456,100.0
15,1,99,2221,576.893826288262,16.069599747624512,0.8240246563595263,17.33407278484994,100.0
15,1,95,2131,375.3055412557746,13.683950183144248,0.8676100579165884,18.049195697217456,100.0
15,1,85,1907,174.87518744937103,10.007567995497904,0.930988927352661,20.013476578409666,100.0
15,1,75,1683,95.77323698655168,7.671699637087282,0.9557742930557892,22.30705683711767,100.0
15,2,100,2244,818.7236092369475,17.744947890609968,0.7605726933488213,18.669973349175315,100.0
15,2,99,2221,613.7333563968076,16.503529242775926,0.8149198838714423,17.927952262451463,100.0
15,2,95,2131,396.7110069209911,14.023759823637292,0.8665505966474129,18.669973349175315,100.0
15,2,85,1907,187.76525604220143,10.267480041471522,0.9265421256831252,20.708444470751814,100.0
15,2,75,1683,99.98284345182832,7.781055380859659,0.9546765101105896,23.08880333154809,100.0
15,4,100,2244,1042.9812501362492,18.779780307219845,0.6949908506479501,19.76026126442805,100.0
15,4,99,2221,693.8299985998846,17.170465377494097,0.7869987028174155,18.97369098315844,100.0
15,4,95,2131,432.4329179047508,14.429751356384545,0.8592287378242496,19.76026126442805,100.0
15,4,85,1907,197.69957517126565,10.411665112166842,0.9247136631511048,21.920808760837325,100.0
15,4,75,1683,100.67829041423616,7.771350716874116,0.9540817965444502,24.476223502556444,100.0
15,6,100,2244,1733.48208653578,21.905131908211732,0.4930609763481127,23.048320711053623,100.0
15,6,99,2221,997.1275147603064,19.55237853127505,0.6916215171984235,22.131261078788107,100.0
15,6,95,2131,566.077852908037,15.999772069551163,0.8098353384055501,23.048320711053623,100.0
15,6,85,1907,232.11377939595883,11.1312763995738,0.9117862062813368,25.596538142735675,100.0
15,6,75,1683,115.66180677551206,8.221559429888176,0.9495371962726,28.631214427398533,100.0
30,1,100,2229,720.1273795579386,17.220764712772002,0.7907574294279041,18.11603253266211,100.0
30,1,99,2206,548.5215138023899,16.068196473906525,0.8334043528483732,17.39961927047084,100.0
30,1,95,2117,364.6187183860988,13.816030814109244,0.8740116055496271,18.11603253266211,100.0
30,1,85,1894,185.19886670097648,10.390934964405597,0.928084596929593,20.080280294398424,100.0
30,1,75,1672,105.7514862609851,8.072681371028997,0.953102908012052,22.343572375018223,100.0
30,2,100,2229,744.3125878712013,17.349603540422503,0.7837300960686375,18.25091636537782,100.0
30,2,99,2206,550.8795992725264,16.124122909854904,0.8351628911989188,17.529855441659127,100.0
30,2,95,2117,367.51052563400253,13.885388718506745,0.8767658233515369,18.25091636537782,100.0
30,2,85,1894,188.77395755443803,10.4712073407146,0.9260011034709024,20.23088523702217,100.0
30,2,75,1672,106.7002718084338,8.1059785820533,0.950448747898009,22.51411956836136,100.0
30,4,100,2229,792.2100565972587,17.55217957864511,0.7698128506414618,18.463897716971378,100.0
30,4,99,2206,576.2098366122467,16.24863829771467,0.8262900802259406,17.734288799880016,100.0
30,4,95,2117,371.06633069918576,13.872473883958872,0.8789327658819515,18.463897716971378,100.0
30,4,85,1894,184.61063903984763,10.373108566591974,0.9283666066756654,20.47115569047575,100.0
30,4,75,1672,106.04055286332982,8.067894344661417,0.9544924394574142,22.786599535219175,100.0
30,6,100,2229,848.8489785590057,17.89577846403781,0.7533556599247536,18.82674787975791,100.0
30,6,99,2206,612.893351756615,16.538307492617246,0.8132178605928619,18.081784471804948,100.0
30,6,95,2117,387.058233350771,14.025249933067313,0.8706486692675874,18.82674787975791,100.0
30,6,85,1894,185.61682785885512,10.357107003772011,0.9280193335700312,20.88591788064418,100.0
30,6,75,1672,105.13926427401678,8.01743598122884,0.9510143556286748,23.2723730661487,100.0
90,1,100,2169,750.0783499186778,18.33426078719251,0.7877916098583928,19.283702322345523,100.0
90,1,99,2147,587.0769017350094,17.245534623817022,0.826709848715719,18.52151418826404,100.0
90,1,95,2060,404.0465294386261,15.03567410775363,0.8651996448049889,19.283702322345523,100.0
90,1,85,1843,220.0476267883177,11.635410399157047,0.917164509683706,21.35104564342374,100.0
90,1,75,1627,132.5076852661387,9.26207000492749,0.9427814978497056,23.69916894051503,100.0
90,2,100,2169,751.7976797837088,18.345027061717992,0.787305185709742,19.296006360264293,100.0
90,2,99,2147,585.8393405801467,17.23733684461563,0.8273726982215697,18.532388792868225,100.0
90,2,95,2060,409.6176858709596,15.076866383360192,0.8659208564987714,19.296006360264293,100.0
90,2,85,1843,221.2223158420912,11.6237714041029,0.9141138580904856,21.374743060565628,100.0
90,2,75,1627,131.81569721269136,9.218355355157636,0.9449553782757574,23.733400158406628,100.0
90,4,100,2169,748.8339561224833,18.278447077631945,0.7881436674857343,19.225416501060945,100.0
90,4,99,2147,582.4520356735677,17.169443481938842,0.8283708239291135,18.46506824339895,100.0
90,4,95,2060,401.78723771591416,14.977928416341236,0.8677517797780715,19.225416501060945,100.0
90,4,85,1843,219.7351177907051,11.5864393663725,0.9150573451321536,21.292022476292026,100.0
90,4,75,1627,130.17794315466946,9.177273469168396,0.945097651737456,23.63197361476948,100.0
90,6,100,2169,747.4242639016109,18.123991481489774,0.7885424905111141,19.06257830536286,100.0
90,6,99,2147,577.0322758429824,17.000270103606965,0.8303104269434092,18.308837128214257,100.0
90,6,95,2060,393.2784557226467,14.78572888856981,0.8710431163673238,19.06257830536286,100.0
90,6,85,1843,212.95714309658047,11.408297270641874,0.91876445368954,21.11463614588453,100.0
90,6,75,1627,125.72139849350164,9.027044393956428,0.9485078809105324,23.44133035653241,100.0
